Name,Series,Favorites,Win Rate %,Aura Win Rate %,Traitor Win Rate %,Support Win Rate %,Captain,Vice Captain,Tank,Duelist,Support,Aura,Traitor
"A (Fourth Raikage)","Naruto",110000,54.7,81.1,28.1,43.6,5,3,5,5,2,5,5
"A (Third Raikage)","Naruto",129000,48.6,68.4,17.6,45.5,5,2,5,5,2,5,5
"Aaroniero Arruruerie","Bleach",108000,46.5,37.5,42.4,52.9,2,2,3,3,3,2,2
"Aayla Secura","Star Wars",130000,52.2,50.0,66.7,45.8,4,4,3,4,3,4,4
"Abigail Williams","Fate",159000,56.1,16.7,50.0,71.4,3,2,3,4,5,4,3
"Achilles","Fate",176000,54.2,100.0,0.0,50.0,4,3,4,5,2,4,4
"Adam Warlock","Marvel Comics",109000,63.7,90.0,58.6,88.2,4,3,5,5,5,5,4
"Admiral Ackbar","Star Wars",144000,54.8,68.8,0.0,76.9,5,4,2,2,5,4,5
"Admiral Holdo","Star Wars",114000,45.7,34.8,57.9,41.7,4,3,2,2,4,4,4
"Agito","Jujutsu Kaisen",105000,53.6,50.0,55.6,66.7,3,3,5,4,5,4,3
"Ahsoka Tano","Star Wars",182000,56.0,39.3,63.2,44.4,4,4,3,5,4,4,4
"Akainu","One Piece",110000,55.1,83.3,41.9,26.5,5,2,5,5,1,5,5
"Akari Nitta","Jujutsu Kaisen",173000,50.3,42.9,77.8,52.0,2,4,1,1,4,1,4
"Akatsuchi","Naruto",121000,43.8,27.3,50.0,28.6,3,3,5,3,3,2,3
"Alfred Pennyworth","DC Comics",171000,44.6,35.3,47.4,81.3,5,5,1,2,5,4,5
"Alluka Zoldyck","Hunter x Hunter",118000,55.3,83.0,49.4,77.1,1,1,1,1,5,5,1
"Altera","Fate",150000,39.0,14.3,50.0,0.0,4,2,4,5,2,4,4
"Amakusa Shirou","Fate",172000,46.4,0.0,40.0,60.0,5,3,4,4,4,5,5
"Anakin Skywalker","Star Wars",191000,50.9,66.7,50.0,60.0,4,3,4,5,3,5,4
"Android 16","Dragon Ball",130000,48.5,44.7,58.3,52.0,3,3,5,4,4,3,3
"Android 17","Dragon Ball",131000,53.0,25.0,60.0,68.0,4,4,4,4,5,4,4
"Android 18","Dragon Ball",132000,51.1,36.7,65.0,50.0,3,3,4,4,3,3,3
"Angra Mainyu","Fate",101000,41.2,0.0,100.0,0.0,1,1,2,2,3,1,1
"Anko Mitarashi","Naruto",147000,46.5,35.7,50.0,38.1,3,3,3,4,2,3,3
"Annie Leonhart","Attack on Titan",144000,52.0,33.3,33.3,66.7,3,3,4,5,2,3,3
"Ant-Man","Marvel Comics",192000,53.6,35.7,68.8,77.8,3,3,2,3,5,2,3
"Anti-Monitor","DC Comics",107000,48.9,63.6,20.0,78.9,5,1,5,5,5,5,5
"Ao","Naruto",118000,45.9,44.4,70.0,50.0,4,4,2,3,5,3,4
"Aoi Todo","Jujutsu Kaisen",184000,66.2,95.0,20.8,87.5,4,5,5,5,5,5,5
"Aokiji","One Piece",140000,51.6,44.0,59.3,45.5,4,4,4,5,4,4,4
"Aqualad (Kaldur'ahm)","DC Comics",143000,49.4,52.9,30.4,31.6,5,4,4,4,4,4,5
"Aquaman","DC Comics",195000,49.1,78.9,45.5,36.1,5,3,5,5,3,5,5
"Arash","Fate",169000,58.1,33.3,40.0,60.0,3,4,3,4,4,4,4
"Arata Nitta","Jujutsu Kaisen",172000,50.3,50.0,52.4,80.8,2,4,2,2,5,2,4
"Ares","DC Comics",109000,51.9,64.7,18.8,63.6,5,1,5,5,3,5,5
"Arjuna","Fate",128000,61.3,0.0,0.0,75.0,4,3,4,5,3,4,4
"Arjuna Alter","Fate",116000,55.6,100.0,66.7,0.0,5,1,4,5,2,5,5
"Armin Arlert","Attack on Titan",110000,49.5,34.8,30.0,74.6,5,5,1,1,5,2,5
"Arsenal","DC Comics",147000,42.1,38.9,44.4,26.3,3,3,3,4,3,3,3
"Arthur Pendragon","Fate",170000,65.5,100.0,50.0,0.0,5,4,4,5,3,5,5
"Artoria Caster","Fate",104000,50.0,66.7,0.0,100.0,4,4,4,3,5,5,4
"Artoria Pendragon","Fate",200000,60.0,75.0,20.0,60.0,5,4,4,5,3,5,5
"As Nodt","Bleach",115000,54.9,100.0,71.4,25.0,4,2,3,5,4,5,4
"Asajj Ventress","Star Wars",161000,47.0,18.2,52.9,43.8,3,3,3,5,3,4,3
"Asclepius","Fate",111000,34.8,100.0,0.0,100.0,3,4,2,2,5,3,4
"Askin Nakk Le Vaar","Bleach",103000,52.7,53.8,44.4,69.2,3,3,4,4,5,4,3
"Astolfo","Fate",182000,38.8,44.4,0.0,37.5,3,4,3,3,4,4,4
"Asuma Sarutobi","Naruto",149000,51.2,50.0,72.7,61.5,4,4,3,4,3,3,4
"Atalante","Fate",184000,42.4,0.0,100.0,100.0,3,3,3,4,3,3,3
"Atsuya Kusakabe","Jujutsu Kaisen",112000,54.4,50.0,55.2,50.0,4,4,4,4,4,4,4
"Aurra Sing","Star Wars",137000,45.0,41.7,65.0,30.4,3,3,3,4,3,3,3
"Avicebron","Fate",175000,51.3,0.0,50.0,100.0,4,3,3,2,5,3,4
"BB","Fate",160000,66.7,100.0,100.0,50.0,5,2,4,4,5,5,5
"BB-8","Star Wars",173000,61.2,38.9,80.0,91.7,2,3,2,2,5,2,3
"BG9","Bleach",105000,50.6,33.3,31.3,50.0,3,3,4,4,3,3,3
"Bail Organa","Star Wars",145000,52.0,44.4,37.1,87.5,5,4,1,1,5,4,5
"Baki","Naruto",142000,50.0,28.6,42.9,9.1,4,3,3,4,3,3,4
"Bambietta Basterbine","Bleach",101000,41.7,43.5,44.0,32.0,3,2,3,4,2,3,3
"Bane","DC Comics",137000,51.3,77.8,42.9,44.0,5,3,5,5,3,5,5
"Baobhan Sith","Fate",107000,40.0,50.0,50.0,50.0,3,2,3,4,4,4,3
"Baraggan Louisenbairn","Bleach",115000,50.0,71.1,41.9,40.6,5,2,4,5,2,5,5
"Bardock","Dragon Ball",118000,45.4,52.6,50.0,21.7,4,3,4,4,2,4,4
"Baron Zemo","Marvel Comics",116000,50.7,55.6,40.0,31.6,5,4,3,4,4,4,5
"Barriss Offee","Star Wars",131000,50.5,37.5,70.0,50.0,3,3,3,4,4,3,3
"Bartholomew Kuma","One Piece",110000,56.8,52.9,39.1,77.3,3,5,5,4,5,4,5
"Bartolomeo","One Piece",119000,41.3,43.8,50.0,18.2,4,3,5,3,4,4,4
"Basho","Hunter x Hunter",104000,47.7,33.3,58.8,44.2,3,3,3,3,3,2,3
"Basil Hawkins","One Piece",35000,48.7,31.3,61.9,51.3,4,3,5,3,4,3,4
"Batgirl (Barbara Gordon)","DC Comics",176000,55.3,30.0,37.0,90.9,5,5,3,4,5,4,5
"Batman","DC Comics",199000,58.1,80.8,33.3,66.7,5,4,4,5,5,5,5
"Batwoman","DC Comics",175000,49.7,42.9,57.9,29.4,4,3,3,4,3,4,4
"Baze Malbus","Star Wars",148000,44.7,27.8,40.0,40.7,3,4,4,4,3,3,4
"Bazz-B","Bleach",102000,49.1,38.1,52.2,46.2,3,3,3,4,2,3,3
"Beast","Marvel Comics",179000,52.4,26.9,40.0,86.7,4,4,4,3,5,3,4
"Beast Boy","DC Comics",149000,44.8,50.0,42.9,50.0,3,3,4,4,4,3,3
"Beerus","Dragon Ball",111000,51.3,76.0,39.3,34.2,5,1,5,5,1,5,5
"Bellamy","One Piece",120000,32.9,22.2,57.1,29.4,3,2,3,3,1,2,3
"Bentham (Mr. 2)","One Piece",145000,48.6,54.5,47.6,42.9,3,4,4,3,4,4,4
"Bertholdt Hoover","Attack on Titan",143000,50.7,42.9,62.5,0.0,3,3,5,5,2,4,3
"Beta Ray Bill","Marvel Comics",103000,54.2,72.2,61.5,35.3,4,4,5,5,3,4,4
"Big Mom","One Piece",140000,55.3,88.2,37.9,36.4,5,1,5,5,4,5,5
"Biscuit Krueger","Hunter x Hunter",137000,64.2,40.0,76.2,76.0,4,4,5,5,5,4,4
"Bizarro","DC Comics",123000,48.7,38.5,47.4,41.7,2,2,5,5,2,4,2
"Black Adam","DC Comics",108000,54.8,81.8,45.8,22.2,5,2,5,5,2,5,5
"Black Bolt","Marvel Comics",113000,53.8,80.4,33.3,36.4,5,3,4,5,3,5,5
"Black Canary","DC Comics",191000,48.9,40.5,66.7,46.2,4,4,3,5,4,4,4
"Black Manta","DC Comics",112000,51.7,31.6,85.7,53.8,4,3,4,4,3,4,4
"Black Maria","One Piece",124000,45.9,20.0,63.6,37.5,4,3,4,3,4,4,4
"Black Panther","Marvel Comics",190000,58.9,88.2,50.0,60.0,5,4,4,5,4,5,5
"Black Widow","Marvel Comics",196000,49.1,46.7,50.0,42.1,4,4,2,4,4,3,4
"Blackbeard","One Piece",180000,50.4,68.0,23.8,37.5,5,4,5,5,3,5,5
"Blade","Marvel Comics",127000,44.8,33.3,71.4,30.4,4,3,4,5,3,4,4
"Blue Beetle (Jaime Reyes)","DC Comics",181000,52.2,38.2,44.1,41.0,3,3,4,4,3,3,3
"Bo-Katan Kryze","Star Wars",168000,43.0,41.2,27.3,36.8,5,4,4,5,4,4,5
"Boa Hancock","One Piece",190000,53.8,69.2,40.7,60.0,5,2,3,5,4,5,5
"Boba Fett","Star Wars",184000,52.4,81.3,41.7,50.0,4,3,4,5,3,5,4
"Bonolenov Ndongo","Hunter x Hunter",121000,40.0,31.3,75.0,25.9,2,3,3,4,2,3,3
"Booster Gold","DC Comics",101000,39.0,46.2,80.0,54.5,3,3,3,3,4,2,3
"Bossk","Star Wars",140000,39.4,23.5,50.0,47.6,3,3,4,4,3,3,3
"Brainiac","DC Comics",126000,59.0,73.7,33.3,85.0,5,1,5,5,5,5,5
"Broly","Dragon Ball",117000,53.4,76.5,46.7,42.9,2,1,5,5,1,5,2
"Brook","One Piece",85000,41.9,29.7,55.9,33.3,3,3,2,4,4,3,3
"Brynhildr","Fate",127000,55.9,100.0,50.0,66.7,4,3,4,5,3,4,4
"Buggy","One Piece",150000,50.0,70.8,40.5,78.6,5,1,1,1,5,5,5
"Bulma","Dragon Ball",140000,47.1,26.5,34.3,76.5,5,4,1,1,5,2,5
"Burter","Dragon Ball",125000,46.2,26.7,66.0,48.6,2,3,2,3,3,2,3
"Byakuya Kuchiki","Bleach",145000,49.1,54.8,37.5,44.4,5,4,3,5,3,4,5
"C","Naruto",126000,50.5,11.1,64.3,90.9,3,4,2,2,5,2,4
"C-3PO","Star Wars",171000,49.0,31.6,64.7,77.8,2,3,2,1,5,2,3
"Cabba","Dragon Ball",106000,46.4,41.7,62.1,26.9,3,4,2,3,3,3,4
"Cable","Marvel Comics",167000,52.8,55.0,38.2,45.8,5,4,4,5,4,4,5
"Cad Bane","Star Wars",163000,58.2,54.5,46.7,60.0,4,2,3,5,3,4,4
"Caesar Clown","One Piece",141000,48.1,36.4,66.7,77.1,4,2,2,3,5,3,4
"Candice Catnipp","Bleach",107000,37.6,33.3,38.9,22.2,3,3,3,4,2,3,3
"Cang Du","Bleach",104000,51.0,45.5,57.1,75.0,3,3,5,4,2,3,3
"Capone Bege","One Piece",30000,45.5,24.3,38.5,53.1,5,3,5,2,4,3,5
"Captain America","Marvel Comics",199000,55.5,83.3,36.8,89.5,5,5,4,4,5,5,5
"Captain Britain","Marvel Comics",102000,44.2,47.4,50.0,40.0,4,4,4,5,3,4,4
"Captain Cold","DC Comics",117000,58.1,50.0,50.0,66.7,4,4,2,3,4,3,4
"Captain Ginyu","Dragon Ball",127000,45.2,42.9,28.3,43.9,5,4,3,4,4,4,5
"Captain Marvel","Marvel Comics",189000,45.8,71.4,47.1,33.3,4,3,5,5,3,5,4
"Captain Phasma","Star Wars",118000,60.0,77.8,53.8,66.7,4,3,4,4,3,4,4
"Captain Rex","Star Wars",181000,42.3,16.7,36.8,56.3,5,5,4,4,4,4,5
"Cara Dune","Star Wars",166000,54.6,26.3,45.5,28.6,3,4,5,5,3,3,4
"Carla Yeager","Attack on Titan",129000,50.0,100.0,25.0,71.4,2,2,1,1,5,4,2
"Carmilla","Fate",152000,37.9,20.0,33.3,100.0,4,2,3,4,3,4,4
"Carnage","Marvel Comics",152000,47.2,76.9,33.3,17.9,2,1,4,5,1,5,2
"Carrot","One Piece",134000,38.4,36.0,48.5,42.9,2,3,2,4,3,3,3
"Cassian Andor","Star Wars",152000,46.3,38.8,55.1,47.2,4,4,3,4,4,3,4
"Catwoman","DC Comics",172000,44.2,35.0,54.2,51.7,3,3,2,4,3,3,3
"Caulifla","Dragon Ball",104000,52.4,55.0,56.0,41.4,4,3,3,4,2,4,4
"Cavendish","One Piece",118000,41.7,21.4,47.1,53.3,4,2,2,5,1,4,4
"Cell","Dragon Ball",129000,54.6,71.0,50.0,51.4,4,3,4,5,2,5,4
"Champa","Dragon Ball",109000,52.0,77.3,57.9,25.0,4,1,4,5,1,5,4
"Charles Bernard","Jujutsu Kaisen",155000,44.5,37.5,48.1,50.0,2,2,2,3,3,2,2
"Charlotte Chuhlhourne","Bleach",116000,49.1,45.5,83.3,56.3,3,3,4,4,3,4,3
"Charlotte Cracker","One Piece",131000,47.8,33.3,27.3,33.3,4,3,5,4,2,4,4
"Charlotte Perospero","One Piece",130000,50.8,42.1,63.6,75.0,4,4,3,4,5,4,4
"Charlotte Smoothie","One Piece",132000,49.5,9.1,54.5,44.4,4,3,4,4,3,4,4
"Cheadle Yorkshire","Hunter x Hunter",116000,51.1,24.4,28.6,81.4,5,5,2,3,5,3,5
"Cheetah","DC Comics",110000,53.0,41.9,84.6,30.8,3,2,3,5,2,4,3
"Cheetu","Hunter x Hunter",109000,37.2,28.6,38.5,19.2,2,2,2,4,2,2,2
"Chevalier d'Eon","Fate",143000,45.1,0.0,100.0,25.0,3,4,5,4,3,3,4
"Chewbacca","Star Wars",197000,45.0,36.4,12.5,47.4,3,5,5,4,4,4,5
"Chi-Chi","Dragon Ball",139000,43.0,35.9,58.8,36.2,4,2,2,2,3,4,4
"Chiaotzu","Dragon Ball",143000,42.3,29.0,38.7,53.8,1,2,1,1,4,1,2
"Chiron","Fate",178000,59.3,100.0,20.0,100.0,4,5,3,4,5,4,5
"Chirrut Imwe","Star Wars",149000,49.6,45.2,54.8,34.6,3,4,3,5,4,4,4
"Chiyo","Naruto",143000,58.8,53.8,60.0,71.4,4,3,2,4,5,4,4
"Chizuru Hari","Jujutsu Kaisen",147000,37.8,24.0,43.5,35.3,2,2,2,2,2,2,2
"Choji Akimichi","Naruto",70000,40.7,36.4,40.6,23.3,2,3,5,3,2,3,3
"Chojiro Sasakibe","Bleach",137000,43.4,31.3,21.4,23.3,3,5,3,4,3,3,5
"Chojuro","Naruto",119000,38.6,35.7,65.0,28.6,3,3,3,4,3,3,3
"Chopper","Star Wars",153000,58.0,46.7,63.6,72.2,3,3,3,3,5,3,3
"Choso","Jujutsu Kaisen",185000,51.8,45.5,56.5,23.5,4,4,4,5,3,4,4
"Choza Akimichi","Naruto",105000,48.0,33.3,50.0,50.0,4,3,5,4,3,3,4
"Chrollo Lucilfer","Hunter x Hunter",147000,58.9,95.5,43.8,69.2,5,2,3,5,4,5,5
"Cirucci Sanderwicci","Bleach",119000,45.7,41.2,61.1,36.4,3,3,2,4,2,3,3
"Clayface","DC Comics",131000,49.7,50.0,50.0,40.0,2,2,5,4,3,4,2
"Cleopatra","Fate",124000,54.8,66.7,0.0,66.7,5,3,3,4,4,5,5
"Cobb Vanth","Star Wars",103000,48.9,81.3,46.7,50.0,4,3,3,4,4,4,4
"Colossus","Marvel Comics",175000,48.6,47.4,50.0,42.9,3,4,5,4,3,3,4
"Colt","Hunter x Hunter",106000,47.2,51.1,58.6,37.2,4,4,3,3,4,3,4
"Colt Grice","Attack on Titan",133000,42.9,25.0,25.0,33.3,4,4,3,3,4,4,4
"Commander Cody","Star Wars",180000,49.4,30.0,30.8,50.0,4,5,4,4,4,3,5
"Commissioner Gordon","DC Comics",170000,43.0,36.0,37.5,45.5,5,4,2,2,4,3,5
"Connie Springer","Attack on Titan",140000,40.3,18.2,61.5,44.4,3,3,3,3,4,3,3
"Cooler","Dragon Ball",116000,44.5,63.0,39.1,15.4,5,2,4,5,1,5,5
"Corazon","One Piece",104000,60.7,62.5,53.3,100.0,3,4,3,2,5,4,4
"Count Dooku","Star Wars",186000,45.3,45.8,20.0,44.4,5,2,3,5,4,4,5
"Coyote Starrk","Bleach",116000,52.0,40.7,58.8,36.4,4,3,3,5,3,4,4
"Crocodile","One Piece",130000,42.0,37.5,43.8,40.0,5,4,3,4,3,4,5
"Crosshair","Star Wars",120000,54.9,18.8,69.2,54.5,3,3,3,5,3,4,3
"Cu Chulainn","Fate",198000,50.8,16.7,60.0,50.0,3,3,5,5,2,3,3
"Cu Chulainn Alter","Fate",130000,52.0,100.0,0.0,100.0,3,2,5,5,2,4,3
"Cyborg","DC Comics",193000,53.5,38.0,60.0,82.9,3,4,4,4,5,3,4
"Cyclops","Marvel Comics",182000,47.8,25.0,35.0,40.0,5,4,3,4,4,4,5
"Dagon","Jujutsu Kaisen",186000,52.5,44.0,65.2,47.8,3,3,5,4,4,4,3
"Daido Hagane","Jujutsu Kaisen",143000,47.3,54.3,52.8,45.5,3,2,3,5,1,4,3
"Damian Wayne","DC Comics",177000,42.8,50.0,46.4,25.7,3,2,3,5,2,4,3
"Danzo Shimura","Naruto",60000,47.9,34.4,48.8,33.3,5,5,4,4,2,4,5
"Daredevil","Marvel Comics",134000,54.3,44.0,40.0,60.0,4,4,3,5,4,4,4
"Darkseid","DC Comics",119000,53.7,100.0,33.3,41.7,5,1,5,5,4,5,5
"Darth Maul","Star Wars",187000,56.9,87.0,80.0,37.5,4,2,4,5,2,5,4
"Darth Vader","Star Wars",195000,49.5,86.7,40.0,20.0,5,2,5,5,2,5,5
"Darui","Naruto",127000,50.6,52.6,57.7,20.8,4,4,3,5,3,4,4
"David","Fate",142000,57.6,66.7,0.0,100.0,4,3,3,3,5,4,4
"Deadpool","Marvel Comics",168000,45.7,31.0,44.0,45.7,2,1,5,5,2,4,2
"Deadshot","DC Comics",128000,55.5,32.1,60.0,58.3,3,3,3,4,4,3,3
"Deathstroke","DC Comics",129000,51.5,77.4,50.0,27.3,4,3,4,5,3,5,4
"Deidara","Naruto",140000,44.3,53.6,50.0,14.8,2,3,2,4,2,3,3
"Dengar","Star Wars",138000,49.3,34.5,65.2,46.7,3,3,4,4,3,2,3
"Depa Billaba","Star Wars",125000,47.4,47.4,45.5,40.0,4,4,3,4,4,3,4
"Dexter Jettster","Star Wars",105000,52.8,50.0,61.9,75.0,2,3,4,3,5,3,3
"Dhruv Dawalla","Jujutsu Kaisen",151000,54.0,53.6,75.0,56.1,4,2,4,4,4,4,4
"Diamante","One Piece",106000,50.6,35.7,50.0,46.2,4,3,3,4,3,3,4
"Diarmuid Ua Duibhne","Fate",191000,51.9,0.0,66.7,0.0,3,4,3,5,2,3,4
"Din Djarin","Star Wars",170000,52.8,55.6,37.5,44.4,4,3,5,5,3,4,4
"Dina Fritz","Attack on Titan",128000,56.6,60.0,50.0,83.3,3,2,4,3,2,4,3
"Director Krennic","Star Wars",147000,46.6,45.2,75.0,54.2,4,2,2,2,4,3,4
"Doctor Doom","Marvel Comics",158000,57.7,93.8,23.5,77.8,5,2,5,5,5,5,5
"Doctor Fate","DC Comics",182000,63.9,74.4,72.7,64.7,4,3,5,5,5,5,4
"Doctor Octopus","Marvel Comics",150000,56.9,35.7,50.0,71.4,5,3,4,4,5,4,5
"Doctor Strange","Marvel Comics",188000,55.1,73.7,18.8,78.6,5,3,4,5,5,5,5
"Dodoria","Dragon Ball",121000,45.2,33.3,50.0,32.3,2,3,4,3,1,3,3
"Don Kanonji","Bleach",144000,43.5,70.0,55.6,33.3,3,2,2,1,4,5,3
"Dondochakka Birstanne","Bleach",123000,49.3,33.3,75.0,16.7,2,3,4,2,3,2,3
"Donna Troy","DC Comics",148000,52.0,44.0,62.5,53.3,4,4,4,5,3,4,4
"Donquixote Doflamingo","One Piece",240000,57.4,82.6,56.5,53.3,5,2,4,5,4,5,5
"Doomsday","DC Comics",124000,52.7,90.5,52.2,48.3,1,1,5,5,1,5,1
"Dordoni Alessandro Del Socaccio","Bleach",120000,45.3,37.5,61.9,37.5,3,3,3,4,2,3,3
"Dormammu","Marvel Comics",119000,64.5,90.5,41.7,94.1,5,1,5,5,5,5,5
"Dot Pyxis","Attack on Titan",120000,59.7,90.9,0.0,84.6,5,4,2,3,5,5,5
"Dracule Mihawk","One Piece",210000,48.1,68.8,51.2,36.1,2,3,4,5,1,5,3
"Drax","Marvel Comics",139000,48.8,57.9,52.0,33.3,2,3,5,5,2,3,3
"Driscoll Berci","Bleach",101000,56.9,50.0,62.5,66.7,3,2,4,4,2,3,3
"Dryden Vos","Star Wars",111000,51.7,41.7,37.5,50.0,4,2,3,4,3,4,4
"EMIYA","Fate",199000,41.8,80.0,20.0,50.0,3,4,3,4,4,3,4
"Ebisu","Naruto",112000,39.1,16.7,40.0,44.4,3,3,2,2,4,2,3
"Echo","Star Wars",121000,51.8,31.3,26.3,66.7,4,5,4,4,5,4,5
"Edmond Dantes","Fate",163000,43.2,33.3,50.0,50.0,4,2,3,5,2,4,4
"Eld Jinn","Attack on Titan",112000,42.1,40.0,60.0,42.9,4,4,3,4,4,3,4
"Electro","Marvel Comics",147000,47.4,47.8,42.9,38.5,2,2,2,5,2,3,2
"Elektra","Marvel Comics",126000,54.7,30.0,60.9,50.0,4,3,3,5,3,4,4
"Elizabeth Bathory","Fate",155000,43.8,50.0,50.0,16.7,3,2,3,3,4,4,3
"Emma Frost","Marvel Comics",165000,55.1,47.1,22.7,66.7,5,4,4,4,5,4,5
"Emperor Palpatine","Star Wars",194000,60.8,76.0,60.0,93.8,5,1,3,5,5,5,5
"Emporio Ivankov","One Piece",146000,57.1,90.9,12.5,81.3,5,4,3,4,5,5,5
"Enel","One Piece",150000,43.0,81.8,21.4,57.1,5,1,3,5,2,5,5
"Enfys Nest","Star Wars",110000,55.7,52.6,78.6,30.8,4,3,3,4,4,4,4
"Enkidu","Fate",120000,44.7,50.0,75.0,0.0,4,4,5,5,4,4,4
"Eren Yeager","Attack on Titan",150000,62.5,80.0,75.0,16.7,4,3,5,5,2,5,4
"Ereshkigal","Fate",113000,51.9,100.0,0.0,50.0,5,3,4,4,5,5,5
"Erwin Smith","Attack on Titan",148000,63.5,57.1,50.0,50.0,5,5,3,4,5,5,5
"Eso","Jujutsu Kaisen",141000,52.9,31.8,50.0,35.0,3,4,3,4,3,3,4
"Eustass Kid","One Piece",95000,50.7,64.9,44.8,20.0,5,1,5,5,1,5,5
"Ezra Bridger","Star Wars",154000,52.1,44.4,56.3,57.9,4,3,3,4,4,4,4
"Falco Grice","Attack on Titan",134000,47.8,60.0,54.5,83.3,3,3,4,3,5,4,3
"Falcon","Marvel Comics",186000,48.9,50.0,25.0,37.5,4,5,3,3,4,3,5
"Feitan Portor","Hunter x Hunter",130000,57.9,83.3,64.7,31.3,3,3,3,5,1,5,3
"Fennec Shand","Star Wars",164000,48.0,38.9,57.1,20.0,3,4,3,5,3,4,4
"Finger Bearer","Jujutsu Kaisen",103000,38.2,45.5,56.5,36.4,3,1,4,4,1,4,3
"Finn","Star Wars",175000,54.2,29.4,52.0,52.6,3,4,3,4,4,3,4
"Fionn mac Cumhaill","Fate",134000,56.1,0.0,0.0,57.1,5,4,4,4,4,4,5
"Firestorm","DC Comics",183000,57.9,51.7,56.3,63.6,3,3,4,5,4,4,3
"Floch Forster","Attack on Titan",132000,61.4,77.8,60.0,33.3,4,3,2,3,4,5,4
"Francis Drake","Fate",154000,37.0,75.0,0.0,25.0,5,3,4,4,4,5,5
"Frankenstein","Fate",173000,34.3,40.0,33.3,25.0,2,3,4,4,2,3,3
"Franklin Bordeau","Hunter x Hunter",122000,44.7,44.0,45.0,23.1,3,3,4,4,3,4,3
"Franky","One Piece",50000,50.4,40.5,65.5,53.3,4,3,5,4,4,3,4
"Frieda Reiss","Attack on Titan",125000,63.5,45.5,75.0,100.0,4,3,4,4,4,4,4
"Frieza","Dragon Ball",128000,54.3,80.6,46.4,44.4,5,1,4,5,1,5,5
"Frost","Dragon Ball",105000,49.7,38.1,55.6,42.9,4,3,3,3,2,3,4
"Fu","Naruto",35000,55.8,41.9,65.4,79.1,3,3,4,4,5,3,3
"Fugaku Uchiha","Naruto",103000,45.5,66.7,33.3,44.4,5,3,3,5,3,4,5
"Fujitora","One Piece",90000,55.2,76.9,55.9,51.4,4,4,4,5,4,5,4
"Fumi","Jujutsu Kaisen",131000,45.5,47.1,45.2,15.4,1,1,1,1,2,1,1
"Fumihiko Takaba","Jujutsu Kaisen",158000,55.0,28.1,47.8,84.6,3,3,5,4,5,4,3
"Future Trunks","Dragon Ball",133000,49.3,40.0,61.9,39.3,4,4,3,5,3,4,4
"Gaara","Naruto",240000,64.3,72.5,34.5,72.4,5,4,5,5,5,5,5
"Gabi Braun","Attack on Titan",135000,30.4,0.0,25.0,0.0,3,2,2,4,2,3,3
"Galactus","Marvel Comics",156000,56.7,62.5,45.5,33.3,5,1,5,5,2,5,5
"Gambit","Marvel Comics",177000,48.4,18.8,58.3,70.0,3,3,2,4,3,4,3
"Gamora","Marvel Comics",140000,53.1,63.2,66.7,50.0,4,4,3,5,3,4,4
"Ganju Shiba","Bleach",131000,40.0,30.0,45.5,42.9,2,3,4,3,3,2,3
"Gantenbainne Mosqueda","Bleach",118000,51.8,40.0,75.0,37.5,3,3,4,4,2,3,3
"Gecko Moria","One Piece",40000,54.1,34.6,65.4,72.7,4,2,4,3,5,3,4
"Gelgar","Attack on Titan",116000,52.3,60.0,55.6,60.0,3,3,3,4,3,3,3
"General Grievous","Star Wars",185000,50.0,60.0,43.5,22.2,4,2,4,5,2,4,4
"General Hux","Star Wars",117000,46.9,36.4,66.7,38.5,4,2,2,2,4,3,4
"General Zod","DC Comics",125000,51.5,70.4,44.4,44.4,5,2,5,5,3,5,5
"Gengetsu Hozuki","Naruto",131000,48.2,83.3,33.3,30.8,5,2,3,5,4,5,5
"Genma Shiranui","Naruto",111000,50.7,71.4,30.0,36.4,3,4,2,4,3,3,4
"Genthru","Hunter x Hunter",113000,45.9,35.7,56.4,42.4,4,2,3,4,2,4,4
"Gerard Valkyrie","Bleach",113000,55.2,81.8,46.7,26.7,4,2,5,5,1,5,4
"Ghost Rider","Marvel Comics",128000,58.5,81.0,62.5,31.0,3,2,5,5,3,5,3
"Gilgamesh","Fate",193000,51.9,66.7,50.0,50.0,5,1,4,5,3,5,5
"Gilles de Rais","Fate",189000,36.8,0.0,66.7,50.0,3,2,2,3,4,2,3
"Gin Ichimaru","Bleach",118000,45.7,55.6,30.8,23.8,4,5,2,5,3,4,5
"Ging Freecss","Hunter x Hunter",141000,60.4,81.0,64.3,68.2,4,2,4,5,4,5,4
"Giselle Gewelle","Bleach",110000,54.9,50.0,57.1,88.2,3,3,4,3,5,4,3
"Gogeta","Dragon Ball",114000,61.3,82.1,65.5,42.1,4,3,4,5,2,5,4
"Gohan","Dragon Ball",148000,50.2,45.2,50.0,40.6,4,4,3,5,3,4,4
"Goku","Dragon Ball",150000,53.0,76.7,40.0,45.5,5,2,5,5,1,5,5
"Gol D. Roger","One Piece",280000,47.1,80.8,40.7,22.7,5,1,4,5,2,5,5
"Gon Freecss","Hunter x Hunter",150000,44.5,37.5,52.0,30.5,3,3,2,5,2,4,3
"Goreinu","Hunter x Hunter",103000,54.0,48.5,50.0,44.7,3,3,3,3,4,3,3
"Gorilla Grodd","DC Comics",116000,43.6,27.8,29.4,60.0,5,2,4,4,4,4,5
"Goten","Dragon Ball",135000,39.2,39.0,49.1,34.1,2,3,3,3,2,2,3
"Gotenks","Dragon Ball",112000,51.4,41.9,71.0,50.0,3,2,3,4,3,4,3
"Grand Admiral Thrawn","Star Wars",179000,56.9,64.7,53.3,75.0,5,2,2,3,5,5,5
"Grand Inquisitor","Star Wars",159000,50.4,52.9,70.6,53.8,4,3,3,4,4,4,4
"Grand Moff Tarkin","Star Wars",178000,41.4,73.7,29.2,27.3,5,2,2,2,4,5,5
"Greedo","Star Wars",141000,31.2,11.1,62.5,40.0,2,2,2,2,2,1,2
"Greef Karga","Star Wars",165000,53.6,37.5,64.3,43.8,4,3,3,3,4,3,4
"Green Arrow","DC Comics",192000,52.5,44.4,93.8,39.4,4,3,2,4,4,3,4
"Green Goblin","Marvel Comics",151000,51.0,82.1,44.4,40.9,5,2,3,4,4,5,5
"Green Lantern (Hal Jordan)","DC Comics",196000,52.9,42.6,68.1,49.2,4,3,4,5,4,4,4
"Gremmy Thoumeaux","Bleach",111000,57.1,90.0,50.0,80.0,4,1,4,5,5,5,4
"Grimmjow Jaegerjaquez","Bleach",111000,54.8,58.3,80.0,39.1,3,2,4,5,1,4,3
"Grisha Yeager","Attack on Titan",130000,41.7,40.0,62.5,20.0,3,3,4,4,4,4,3
"Grogu","Star Wars",169000,47.3,60.0,37.5,82.6,1,1,2,2,5,5,1
"Groot","Marvel Comics",137000,54.1,57.1,47.1,68.4,3,4,5,4,5,4,4
"Guldo","Dragon Ball",123000,44.5,19.2,44.4,78.9,1,2,1,1,5,1,2
"Gunther Schultz","Attack on Titan",111000,40.7,71.4,57.1,25.0,3,3,3,4,3,3,3
"Guy Gardner","DC Comics",156000,50.0,60.0,51.9,44.0,3,3,4,4,3,4,3
"Gwenpool","Marvel Comics",104000,45.0,56.3,33.3,64.3,2,2,2,4,5,3,2
"Haba","Jujutsu Kaisen",146000,46.2,37.5,36.7,50.0,2,2,2,2,2,2,2
"Hachigen Ushoda","Bleach",140000,67.3,55.6,66.7,80.0,3,4,5,3,5,3,4
"Hagoromo Otsutsuki","Naruto",101000,51.4,81.8,28.6,88.9,5,1,5,5,5,5,5
"Hajime Kashimo","Jujutsu Kaisen",160000,61.3,91.2,70.3,18.2,4,2,4,5,1,5,4
"Hajrudin","One Piece",115000,46.6,38.5,53.3,46.2,4,3,5,4,1,4,4
"Haku","Naruto",133000,42.9,53.8,54.5,27.3,2,3,2,5,3,3,3
"Han","Naruto",25000,50.8,34.3,73.5,72.2,3,3,5,4,5,4,3
"Han Solo","Star Wars",198000,51.4,48.3,57.7,45.5,4,3,3,4,3,4,4
"Hanami","Jujutsu Kaisen",187000,50.2,50.0,59.5,55.9,3,3,5,4,4,4,3
"Hanataro Yamada","Bleach",133000,48.7,50.0,54.5,62.5,1,2,1,1,5,2,2
"Hange Zoe","Attack on Titan",147000,50.0,50.0,28.6,77.8,5,4,3,4,5,4,5
"Hannes","Attack on Titan",109000,41.3,27.3,37.5,70.0,3,3,3,3,4,3,3
"Hans Christian Andersen","Fate",153000,52.8,100.0,50.0,100.0,2,3,1,1,5,3,3
"Hanyu","Jujutsu Kaisen",145000,40.7,25.9,40.0,26.7,2,2,2,2,2,2,2
"Hanzo","Naruto",116000,45.5,100.0,25.0,33.3,5,2,4,5,3,5,5
"Harley Quinn","DC Comics",141000,38.3,35.1,45.5,23.1,3,3,3,4,3,4,3
"Haruta Shigemo","Jujutsu Kaisen",128000,43.1,29.6,35.7,35.0,2,2,4,3,2,2,2
"Hasaba Mimiko","Jujutsu Kaisen",106000,50.0,31.8,95.0,53.8,2,3,2,3,4,2,3
"Hasaba Nanako","Jujutsu Kaisen",107000,41.7,42.9,42.9,50.0,2,3,2,3,4,2,3
"Hashirama Senju","Naruto",270000,50.5,76.5,20.0,50.0,5,3,5,5,4,5,5
"Hassan of the Cursed Arm","Fate",192000,48.6,33.3,75.0,0.0,3,3,2,4,2,2,3
"Hassan of the Hundred Personas","Fate",187000,61.4,25.0,55.6,100.0,4,3,2,3,5,3,4
"Hawkeye","Marvel Comics",195000,53.3,60.0,58.3,47.1,3,4,2,4,4,3,4
"Hawkgirl","DC Comics",189000,54.4,59.6,66.7,33.3,4,3,4,5,2,4,4
"Hawkman","DC Comics",188000,53.3,21.1,60.0,55.0,4,3,4,5,2,4,4
"Hector","Fate",141000,57.7,33.3,100.0,66.7,4,4,4,4,4,4,4
"Hela","Marvel Comics",120000,52.7,81.3,50.0,25.0,5,2,5,5,4,5,5
"Helena Blavatsky","Fate",132000,54.0,50.0,75.0,100.0,4,3,3,3,5,4,4
"Hera Syndulla","Star Wars",157000,35.2,21.4,18.2,55.6,5,4,3,3,5,4,5
"Heracles","Fate",194000,46.0,60.0,20.0,33.3,2,2,5,5,1,4,2
"Hiashi Hyuga","Naruto",104000,38.0,33.3,0.0,33.3,5,3,4,5,3,4,5
"Hidan","Naruto",110000,43.0,35.5,52.8,33.3,1,2,5,3,1,3,2
"Hinata Hyuga","Naruto",160000,44.0,27.0,58.8,45.0,3,3,2,3,4,2,3
"Hiromi Higuruma","Jujutsu Kaisen",159000,51.8,39.1,63.0,51.6,4,3,3,5,4,4,4
"Hiruzen Sarutobi","Naruto",130000,39.4,28.1,35.3,29.7,5,4,3,5,3,4,5
"Hisoka Morow","Hunter x Hunter",148000,49.5,70.4,50.0,35.9,2,1,4,5,2,5,2
"Historia Reiss","Attack on Titan",139000,64.4,100.0,75.0,88.9,4,3,2,3,5,5,4
"Hit","Dragon Ball",107000,58.9,66.7,69.0,51.9,4,4,3,5,3,5,4
"Hiyori","One Piece",101000,44.9,50.0,66.7,33.3,3,2,1,1,4,3,3
"Hiyori Sarugaki","Bleach",143000,37.1,14.3,80.0,18.2,3,3,3,4,2,3,3
"Hondo Ohnaka","Star Wars",162000,45.5,54.5,73.3,38.5,4,3,3,3,4,3,4
"Hulk","Marvel Comics",197000,58.7,93.8,40.0,33.3,2,1,5,5,1,5,2
"Human Torch","Marvel Comics",160000,46.6,46.2,33.3,25.8,3,3,2,5,3,3,3
"Hunter","Star Wars",124000,50.8,40.0,46.7,66.7,5,4,4,4,4,4,5
"IG-88","Star Wars",139000,47.0,55.0,65.2,29.4,3,2,4,5,3,4,3
"Ian Dietrich","Attack on Titan",108000,55.6,69.2,72.7,55.6,4,4,3,4,4,4,4
"Ibiki Morino","Naruto",108000,43.7,37.5,50.0,36.4,4,3,4,3,4,4,4
"Iceman","Marvel Comics",174000,47.2,36.7,57.9,42.6,3,3,4,5,4,4,3
"Ichibe Hyosube","Bleach",138000,53.8,60.0,37.5,100.0,5,1,5,5,5,5,5
"Ichigo Kurosaki","Bleach",220000,54.0,62.1,59.5,37.8,4,3,4,5,1,5,4
"Ideo","One Piece",114000,41.8,38.1,76.5,30.0,3,3,3,4,1,3,3
"Iguchi","Jujutsu Kaisen",114000,38.3,29.4,13.3,40.0,1,1,1,1,2,1,1
"Ikalgo","Hunter x Hunter",111000,48.5,42.2,59.6,41.5,3,4,2,3,4,2,4
"Ikkaku Madarame","Bleach",126000,45.6,43.2,54.3,25.5,3,3,4,4,1,3,3
"Illumi Zoldyck","Hunter x Hunter",138000,55.1,81.8,58.3,36.4,4,3,3,5,4,5,4
"Impulse","DC Comics",160000,41.9,39.1,52.6,31.3,2,2,2,4,3,3,2
"Ino Yamanaka","Naruto",90000,55.0,45.9,52.9,83.8,3,4,1,2,5,2,4
"Inoichi Yamanaka","Naruto",107000,45.5,42.9,37.5,57.1,4,4,2,2,5,3,4
"Inuarashi","One Piece",136000,55.4,66.7,61.1,65.0,4,4,4,4,3,4,4
"Invisible Woman","Marvel Comics",161000,52.1,57.9,25.8,88.9,4,5,5,4,5,4,5
"Iori Hazenoki","Jujutsu Kaisen",149000,45.7,40.7,66.7,33.3,3,3,4,4,2,3,3
"Iron Fist","Marvel Comics",131000,51.6,58.3,45.0,36.8,3,4,3,5,4,4,4
"Iron Man","Marvel Comics",200000,53.8,100.0,28.6,57.1,5,4,4,5,4,5,5
"Iruka Umino","Naruto",150000,53.2,25.0,77.8,81.8,4,4,2,2,5,3,4
"Isaac Netero","Hunter x Hunter",146000,47.6,77.3,40.0,11.8,5,2,5,5,3,5,5
"Isane Kotetsu","Bleach",134000,53.3,17.4,73.1,88.2,3,4,2,2,5,2,4
"Iskandar","Fate",190000,46.7,33.3,100.0,66.7,5,4,4,4,4,5,5
"Isshin Kurosaki","Bleach",148000,44.2,41.7,20.0,60.0,5,3,4,5,3,4,5
"Itachi Uchiha","Naruto",390000,54.8,75.0,47.2,48.5,5,5,2,5,3,5,5
"Ivan the Terrible","Fate",126000,50.0,100.0,50.0,0.0,5,1,5,5,2,5,5
"Izumo Kamizuki","Naruto",110000,42.1,20.0,40.0,42.9,3,3,3,3,4,2,3
"Izuru Kira","Bleach",135000,47.6,33.3,60.9,61.5,3,4,3,3,4,3,4
"Jabba the Hutt","Star Wars",142000,40.9,46.7,24.0,42.9,5,1,4,1,4,4,5
"Jack","One Piece",50000,50.3,54.2,50.0,36.0,3,4,5,4,1,4,4
"Jack the Ripper","Fate",174000,51.4,25.0,50.0,0.0,2,2,2,5,3,3,2
"Jackie Tristan","Bleach",126000,41.8,37.5,28.6,28.6,2,3,3,4,2,2,3
"Janemba","Dragon Ball",115000,51.9,90.5,61.9,26.3,1,1,4,5,2,5,1
"Jango Fett","Star Wars",183000,62.2,62.5,62.5,23.1,4,3,4,5,3,4,4
"Jay Garrick","DC Comics",161000,45.6,53.3,20.0,30.0,5,4,3,4,4,4,5
"Jean Grey","Marvel Comics",181000,58.6,73.7,61.1,76.2,4,4,3,5,5,5,4
"Jean Kirstein","Attack on Titan",142000,50.8,37.5,80.0,66.7,4,4,3,4,4,4,4
"Jeanne d'Arc","Fate",186000,57.1,66.7,50.0,75.0,5,4,5,3,5,5,5
"Jeanne d'Arc Alter","Fate",162000,51.2,100.0,25.0,33.3,4,2,3,5,3,5,4
"Jeice","Dragon Ball",124000,43.4,32.1,55.6,37.5,3,4,2,3,3,2,4
"Jesse Quick","DC Comics",159000,45.0,68.2,56.3,33.3,3,4,3,4,4,3,4
"Jessica Cruz","DC Comics",153000,57.3,31.6,54.2,92.0,4,4,4,4,5,4,4
"Jessica Jones","Marvel Comics",130000,47.7,40.9,64.3,28.0,3,3,4,4,3,3,3
"Jewelry Bonney","One Piece",65000,52.7,41.4,62.5,83.9,4,2,2,3,5,3,4
"Jin Itadori","Jujutsu Kaisen",137000,40.0,38.1,33.3,33.3,1,1,1,1,2,1,1
"Jinbe","One Piece",110000,51.2,43.2,44.0,42.9,5,5,5,4,4,4,5
"Jing Ke","Fate",138000,58.5,50.0,100.0,0.0,3,2,2,5,2,3,3
"Jinichi Zenin","Jujutsu Kaisen",166000,49.1,41.9,66.7,43.5,3,3,4,4,2,3,3
"Jiraiya","Naruto",280000,51.8,69.4,34.8,36.1,5,4,4,5,3,5,5
"Jiren","Dragon Ball",102000,55.2,78.6,58.3,40.0,4,2,5,5,1,5,4
"Jiro Awasaka","Jujutsu Kaisen",127000,46.1,39.3,68.4,25.7,3,2,5,3,2,3,3
"Jirobo","Naruto",136000,44.0,60.0,66.7,8.7,2,2,5,4,1,2,2
"Jocasta Nu","Star Wars",127000,51.9,42.9,72.2,46.2,3,3,2,2,5,3,3
"Jogo","Jujutsu Kaisen",188000,55.9,80.0,44.4,34.8,4,3,3,5,2,5,4
"John Constantine","DC Comics",103000,52.2,60.0,40.0,81.8,4,3,2,4,5,4,4
"John Stewart","DC Comics",157000,49.0,64.7,23.1,38.9,5,4,4,5,4,5,5
"Joker","DC Comics",142000,45.2,69.2,22.7,46.2,5,1,2,4,4,5,5
"Jozu","One Piece",50000,46.6,36.7,34.8,58.3,3,4,5,4,2,3,4
"Juggernaut","Marvel Comics",169000,51.5,79.3,52.8,29.7,2,1,5,5,1,5,2
"Jugo","Naruto",139000,44.7,28.6,41.7,30.0,2,2,5,5,2,4,2
"Jugram Haschwalth","Bleach",105000,50.3,37.5,36.4,33.3,4,5,4,5,4,4,5
"Junpei Yoshino","Jujutsu Kaisen",139000,41.5,42.1,56.5,41.7,2,2,2,3,3,2,2
"Jushiro Ukitake","Bleach",138000,46.1,42.9,34.4,80.0,5,4,2,4,5,4,5
"Juzo Kumiya","Jujutsu Kaisen",129000,44.3,26.9,61.8,51.4,3,2,3,3,4,3,3
"Jyn Erso","Star Wars",151000,47.5,34.5,42.9,35.7,4,3,3,4,3,4,4
"K-2SO","Star Wars",150000,49.5,39.1,61.5,35.0,3,4,4,4,4,3,4
"Kabuto Yakushi","Naruto",120000,50.9,43.3,32.3,74.3,4,5,4,4,5,4,5
"Kaguya Otsutsuki","Naruto",100000,46.0,74.7,26.7,29.1,5,1,5,5,1,5,5
"Kaido","One Piece",250000,50.8,72.7,40.9,25.0,5,1,5,5,2,5,5
"Kaien Shiba","Bleach",123000,46.2,35.0,30.3,41.9,4,5,3,4,4,4,5
"Kakashi Hatake","Naruto",250000,43.7,26.3,41.2,45.5,5,5,2,4,4,4,5
"Kaku","One Piece",148000,38.0,25.0,43.8,33.3,3,4,3,4,2,3,4
"Kakuzu","Naruto",100000,43.8,36.4,54.3,34.9,3,3,5,4,1,4,3
"Kale","Dragon Ball",103000,55.8,77.8,45.5,56.5,2,4,5,4,3,5,4
"Kalluto Zoldyck","Hunter x Hunter",119000,42.0,27.3,73.3,35.0,2,3,2,4,4,3,3
"Kama","Fate",117000,48.9,66.7,42.9,100.0,4,2,3,5,4,5,4
"Kaname Tosen","Bleach",117000,45.4,53.1,53.8,46.2,4,4,3,4,3,3,4
"Kanan Jarrus","Star Wars",158000,54.8,68.8,55.6,76.5,4,4,3,4,5,4,4
"Kang the Conqueror","Marvel Comics",122000,48.6,85.7,32.0,61.9,5,2,4,5,5,5,5
"Kankuro","Naruto",75000,44.2,37.1,50.0,34.2,3,4,2,3,3,2,4
"Kaori Itadori","Jujutsu Kaisen",136000,40.0,38.9,56.0,36.4,3,2,2,2,3,3,3
"Karin","Naruto",140000,44.6,26.7,80.0,75.0,2,3,2,1,5,2,3
"Karna","Fate",183000,50.0,60.0,50.0,50.0,4,3,4,5,3,5,4
"Karui","Naruto",124000,53.0,45.5,80.0,26.3,3,3,3,4,2,2,3
"Kastro","Hunter x Hunter",102000,48.6,36.7,46.2,36.0,2,2,3,4,2,3,2
"Kasumi Miwa","Jujutsu Kaisen",182000,45.6,24.1,53.8,35.3,2,3,2,3,3,2,3
"Katakuri","One Piece",220000,49.4,68.0,32.3,40.0,4,5,4,5,3,5,5
"Katsushika Hokusai","Fate",158000,59.6,33.3,60.0,57.1,3,3,3,4,4,4,3
"Kechizu","Jujutsu Kaisen",140000,43.8,15.8,71.4,47.4,2,3,4,3,3,2,3
"Keith Shadis","Attack on Titan",121000,55.6,100.0,53.8,55.6,4,4,3,4,4,4,4
"Kenjaku","Jujutsu Kaisen",162000,57.0,75.0,20.0,77.8,5,2,5,5,5,5,5
"Kenny Ackerman","Attack on Titan",131000,37.5,12.5,25.0,14.3,4,2,4,5,2,4,4
"Kenpachi Zaraki","Bleach",140000,58.4,75.0,76.5,34.6,4,1,5,5,1,5,4
"Kensei Muguruma","Bleach",142000,51.4,41.4,69.2,33.3,4,3,4,4,2,4,4
"Kento Nanami","Jujutsu Kaisen",191000,54.3,45.7,50.0,52.8,5,5,4,4,4,4,5
"Ki-Adi-Mundi","Star Wars",133000,44.3,50.0,33.3,33.3,4,3,3,4,4,3,4
"Kiba Inuzuka","Naruto",80000,51.7,46.2,52.4,47.8,3,2,3,3,2,3,3
"Kidomaru","Naruto",135000,47.4,37.5,54.5,44.4,2,2,3,4,3,2,2
"Killer","One Piece",45000,47.8,44.4,34.4,37.9,3,5,3,4,3,3,5
"Killer Bee","Naruto",180000,60.5,22.2,66.7,80.8,3,4,5,5,5,4,4
"Killer Croc","DC Comics",130000,46.4,52.4,59.1,34.6,2,1,5,4,1,4,2
"Killmonger","Marvel Comics",115000,52.8,56.0,68.0,41.7,4,3,4,5,3,4,4
"Killua Zoldyck","Hunter x Hunter",200000,49.2,43.6,42.4,40.3,4,5,2,5,4,4,5
"Kilowog","DC Comics",152000,55.9,55.6,56.0,38.9,4,4,5,4,4,4,4
"Kimimaro","Naruto",138000,55.7,50.0,80.0,58.3,3,2,4,5,1,4,3
"Kin'emon","One Piece",138000,55.7,33.3,66.7,75.0,4,4,4,4,4,4,4
"King","One Piece",120000,48.3,42.9,33.3,33.3,3,5,5,5,2,4,5
"King Hassan","Fate",165000,60.7,66.7,0.0,100.0,5,3,5,5,2,5,5
"Kingpin","Marvel Comics",142000,46.1,90.5,35.3,25.0,5,3,4,4,4,5,5
"Kinji Hakari","Jujutsu Kaisen",157000,54.9,73.8,41.5,33.3,5,3,5,5,2,5,5
"Kirara Hoshi","Jujutsu Kaisen",156000,49.8,25.0,68.0,77.8,3,4,2,3,5,3,4
"Kirio Hikifune","Bleach",134000,43.1,31.3,71.4,66.7,4,4,5,3,5,4,4
"Kisame Hoshigaki","Naruto",150000,53.8,42.9,66.7,59.5,3,4,5,5,1,4,4
"Kisuke Urahara","Bleach",122000,55.6,41.2,21.4,88.2,5,4,3,5,5,4,5
"Kit Fisto","Star Wars",134000,47.4,42.9,60.0,44.4,4,4,3,5,3,4,4
"Kite","Hunter x Hunter",136000,41.4,52.4,45.2,35.7,4,3,3,5,3,4,4
"Kitsuchi","Naruto",120000,40.0,36.4,71.4,20.0,4,3,5,4,3,3,4
"Kitty Pryde","Marvel Comics",164000,50.3,41.4,45.8,88.0,4,4,5,3,5,3,4
"Kiyomi Azumabito","Attack on Titan",102000,62.7,62.5,100.0,80.0,4,3,1,1,5,4,4
"Kiyotaka Ijichi","Jujutsu Kaisen",174000,44.8,28.6,44.4,64.5,2,5,1,1,5,1,5
"Kizaru","One Piece",120000,48.5,45.8,45.0,25.9,4,5,3,5,2,4,5
"Knov","Hunter x Hunter",134000,55.8,30.4,59.3,90.5,3,4,2,4,5,3,4
"Knuckle Bine","Hunter x Hunter",133000,49.4,30.8,52.2,55.6,3,4,4,4,4,3,4
"Koby","One Piece",80000,49.3,23.8,67.6,45.5,4,4,3,4,3,3,4
"Kokichi Muta","Jujutsu Kaisen",181000,50.0,36.4,73.3,90.0,4,3,4,4,5,3,4
"Konan","Naruto",160000,49.2,35.3,43.6,42.1,4,5,3,4,4,3,5
"Konohamaru Sarutobi","Naruto",113000,44.6,44.4,75.0,25.0,3,3,2,4,3,3,3
"Kortopi","Hunter x Hunter",120000,50.9,27.3,61.9,68.0,1,2,1,1,5,1,2
"Kotetsu Hagane","Naruto",109000,45.5,41.7,30.0,50.0,3,3,3,3,4,2,3
"Koyanskaya of Light","Fate",103000,46.2,0.0,50.0,100.0,4,3,3,4,5,4,4
"Kozuki Oden","One Piece",103000,43.5,70.0,28.6,33.3,5,2,5,5,2,5,5
"Kraven the Hunter","Marvel Comics",149000,43.5,40.9,65.0,37.0,4,2,3,5,3,4,4
"Krillin","Dragon Ball",146000,50.8,33.3,64.5,66.7,3,4,2,3,5,2,4
"Krrsantan","Star Wars",102000,44.4,40.0,36.4,35.7,2,2,5,5,2,4,2
"Krypto","DC Comics",163000,51.8,46.7,50.0,64.7,2,2,4,4,3,3,2
"Kugo Ginjo","Bleach",130000,45.2,33.3,0.0,50.0,5,3,4,5,3,4,5
"Kuiil","Star Wars",104000,56.0,42.1,66.7,78.9,3,4,3,3,5,3,4
"Kukaku Shiba","Bleach",132000,59.7,66.7,54.5,38.9,4,3,3,4,4,4,4
"Kurapika","Hunter x Hunter",150000,51.3,45.2,48.3,45.8,4,4,3,5,4,4,4
"Kurenai Yuhi","Naruto",148000,46.2,38.5,62.5,44.4,3,3,2,3,4,3,3
"Kurotsuchi","Naruto",122000,42.7,54.5,60.0,30.0,4,3,3,4,3,3,4
"Kurourushi","Jujutsu Kaisen",152000,48.6,48.8,54.5,37.8,3,2,4,4,3,4,3
"Kurusu Hana","Jujutsu Kaisen",101000,54.7,40.6,52.6,91.3,3,3,2,4,5,4,3
"Kushina Uzumaki","Naruto",130000,54.7,33.3,59.0,68.8,4,4,5,4,5,4,4
"Kyle Rayner","DC Comics",155000,53.8,39.1,64.3,47.4,4,4,4,5,4,4,4
"Kylo Ren","Star Wars",176000,49.5,40.0,52.9,36.4,4,2,4,5,2,4,4
"Kyros","One Piece",111000,48.4,33.3,63.2,31.3,4,3,4,5,2,4,4
"Lancelot","Fate",188000,46.2,66.7,50.0,0.0,2,3,4,5,1,3,3
"Lando Calrissian","Star Wars",196000,48.2,53.8,50.0,45.5,4,3,2,3,4,4,4
"Lara Tybur","Attack on Titan",123000,40.0,50.0,25.0,44.4,3,3,4,5,3,4,3
"Larue","Jujutsu Kaisen",110000,52.8,55.0,65.4,76.5,3,4,3,3,5,3,4
"Leia Organa","Star Wars",199000,52.6,73.3,33.3,87.0,5,4,2,3,5,5,5
"Leo","One Piece",116000,44.2,60.0,46.2,37.5,3,3,1,3,4,2,3
"Leol","Hunter x Hunter",107000,44.6,36.1,44.8,29.6,4,3,3,4,4,3,4
"Leonardo da Vinci","Fate",112000,51.6,100.0,100.0,100.0,4,4,3,3,5,4,4
"Leorio Paradinight","Hunter x Hunter",149000,47.9,41.4,45.2,79.5,3,4,3,2,5,2,4
"Levi Ackerman","Attack on Titan",300000,51.9,84.2,39.0,38.7,5,4,2,5,2,5,5
"Lex Luthor","DC Comics",127000,54.9,77.8,26.3,75.0,5,2,4,4,5,5,5
"Lille Barro","Bleach",114000,52.5,85.7,40.0,37.5,4,2,4,5,2,5,4
"Liltotto Lamperd","Bleach",109000,43.1,37.5,33.3,0.0,4,3,3,4,3,3,4
"Lilynette Gingerbuck","Bleach",117000,50.0,41.7,62.5,45.5,2,4,2,2,4,2,4
"Lisa Yadomaru","Bleach",142000,52.2,25.0,81.8,44.4,4,4,3,4,3,3,4
"Lizard","Marvel Comics",144000,42.4,38.1,39.1,27.3,2,1,4,4,2,3,2
"Lobo","DC Comics",102000,55.4,66.7,46.2,57.1,2,1,5,5,1,4,2
"Lois Lane","DC Comics",164000,51.0,50.0,35.7,93.8,4,3,1,1,5,3,4
"Loki","Marvel Comics",124000,54.2,37.5,55.0,73.7,4,3,3,4,5,4,4
"Love Aikawa","Bleach",139000,46.0,38.5,71.4,14.3,4,3,4,4,2,3,4
"Lu Bu Fengxian","Fate",151000,46.2,50.0,50.0,20.0,2,1,4,5,1,4,2
"Lucius Fox","DC Comics",169000,54.8,52.9,57.7,80.8,4,4,1,1,5,2,4
"Luke Cage","Marvel Comics",132000,52.9,46.7,60.7,30.0,4,4,5,4,3,4,4
"Luke Skywalker","Star Wars",200000,54.3,82.4,37.5,55.0,5,3,4,5,4,5,5
"Luminara Unduli","Star Wars",132000,52.8,60.0,64.7,47.4,4,4,3,4,4,4,4
"Luppi Antenor","Bleach",121000,51.7,56.3,57.1,45.5,3,2,3,4,2,3,3
"Mace Windu","Star Wars",188000,55.8,64.7,35.3,50.0,5,3,4,5,3,5,5
"Machi Komacine","Hunter x Hunter",127000,52.2,33.3,66.7,75.0,3,4,3,4,5,4,4
"Madara Uchiha","Naruto",360000,55.7,84.6,33.3,85.7,5,3,5,5,5,5,5
"Magellan","One Piece",147000,45.3,90.9,30.4,26.3,5,2,5,5,3,5,5
"Magik","Marvel Comics",163000,61.6,72.7,57.1,85.7,4,3,3,5,5,4,4
"Magneto","Marvel Comics",172000,56.0,83.8,41.2,37.8,5,3,4,5,4,5,5
"Mahito","Jujutsu Kaisen",189000,60.0,83.7,73.5,48.3,4,2,5,5,3,5,4
"Mahoraga","Jujutsu Kaisen",104000,53.8,81.3,43.8,31.8,4,1,5,5,2,5,4
"Mai Zenin","Jujutsu Kaisen",183000,47.4,37.5,58.3,66.7,2,3,2,3,4,2,3
"Majin Buu","Dragon Ball",136000,51.1,43.6,44.2,73.0,2,2,5,4,5,4,2
"Maki Zenin","Jujutsu Kaisen",194000,59.8,81.5,54.5,36.1,4,4,5,5,2,5,4
"Manami Suda","Jujutsu Kaisen",109000,42.9,27.3,64.7,42.1,2,3,2,2,4,2,3
"Mantis","Marvel Comics",135000,52.2,33.3,66.7,85.7,2,3,2,2,5,2,3
"Marcel Galliard","Attack on Titan",105000,48.6,42.9,66.7,33.3,4,4,4,4,4,4,4
"Marco","One Piece",170000,52.8,55.6,66.7,83.3,4,5,5,4,5,4,5
"Marco Bodt","Attack on Titan",110000,45.6,66.7,37.5,75.0,4,4,2,3,5,4,4
"Marechiyo Omaeda","Bleach",136000,39.2,37.5,58.6,29.0,2,3,4,2,2,1,3
"Marie Antoinette","Fate",147000,45.8,100.0,66.7,64.3,4,3,4,2,5,5,4
"Martian Manhunter","DC Comics",194000,54.0,40.0,24.1,82.4,4,5,5,4,5,4,5
"Masaki Kurosaki","Bleach",146000,60.8,40.0,82.4,50.0,4,4,3,4,4,4,4
"Masamichi Yaga","Jujutsu Kaisen",176000,52.6,47.8,59.3,73.5,4,4,3,3,5,4,4
"Mashiro Kuna","Bleach",141000,40.0,50.0,0.0,36.4,2,3,3,4,2,3,3
"Mask De Masculine","Bleach",106000,46.3,50.0,64.3,37.5,3,2,5,5,2,4,3
"Master Roshi","Dragon Ball",141000,45.8,29.2,50.0,66.7,4,3,3,3,4,3,4
"Max Mercury","DC Comics",158000,57.1,36.4,63.0,80.0,4,4,2,4,5,3,4
"Mayuri Kurotsuchi","Bleach",139000,48.1,57.9,60.0,88.2,4,2,3,4,5,4,4
"Maz Kanata","Star Wars",113000,49.6,36.8,44.4,77.8,4,3,2,2,5,4,4
"Medea","Fate",196000,51.2,33.3,66.7,50.0,4,3,2,3,5,4,4
"Medusa","Marvel Comics",112000,58.8,42.9,42.1,50.0,4,5,3,4,4,4,5
"Medusa","Fate",197000,42.6,57.1,25.0,33.3,3,3,3,4,3,3,3
"Megumi Fushiguro","Jujutsu Kaisen",199000,62.4,43.3,64.3,69.0,4,4,3,4,5,4,4
"Mei Mei","Jujutsu Kaisen",171000,54.4,38.5,60.7,25.0,4,3,3,5,4,4,4
"Mei Terumi","Naruto",95000,52.5,39.4,48.8,47.2,5,4,3,4,3,4,5
"Meleoron","Hunter x Hunter",112000,54.6,38.5,59.6,69.0,2,4,1,1,5,1,4
"Melody","Hunter x Hunter",105000,50.7,25.5,56.5,72.5,3,4,1,1,5,2,4
"Meltryllis","Fate",161000,42.5,25.0,100.0,60.0,3,2,3,5,3,4,3
"Melusine","Fate",106000,55.6,0.0,25.0,0.0,4,3,4,5,3,4,4
"Meninas McAllon","Bleach",108000,32.7,33.3,28.6,33.3,3,3,5,4,2,3,3
"Menthuthuyoupi","Hunter x Hunter",142000,57.1,80.0,52.9,42.9,2,4,5,5,2,5,4
"Mephisto","Marvel Comics",118000,53.3,72.7,30.8,77.8,5,2,5,5,5,5,5
"Merlin","Fate",125000,74.4,100.0,50.0,100.0,4,4,3,3,5,5,4
"Meruem","Hunter x Hunter",145000,43.0,66.7,70.0,15.4,5,1,5,5,1,5,5
"Metallo","DC Comics",122000,41.6,29.6,27.8,30.4,2,2,4,4,2,3,2
"Miche Zacharius","Attack on Titan",118000,58.5,83.3,60.0,45.5,4,4,4,5,3,4,4
"Mifune","Naruto",117000,46.7,38.5,30.0,25.0,5,3,3,5,3,4,5
"Might Guy","Naruto",220000,53.6,74.4,66.7,32.1,4,3,5,5,1,5,4
"Miguel","Jujutsu Kaisen",111000,50.0,45.0,69.6,25.0,4,3,4,5,3,4,4
"Mikasa Ackerman","Attack on Titan",149000,50.0,33.3,61.5,42.9,3,4,4,5,4,4,4
"Miles Morales","Marvel Comics",155000,56.1,47.6,73.3,41.2,3,4,3,4,4,3,4
"Minamoto no Raikou","Fate",137000,42.9,0.0,0.0,33.3,4,3,4,5,3,4,4
"Minato Namikaze","Naruto",340000,59.0,74.3,30.0,91.3,5,4,3,5,5,5,5
"Misato Kuroi","Jujutsu Kaisen",122000,45.9,43.8,40.7,50.0,2,3,2,2,4,2,3
"Miss Martian","DC Comics",145000,55.7,43.8,50.0,87.5,4,4,4,4,5,4,4
"Mitabi Jarnach","Attack on Titan",106000,63.0,20.0,88.9,66.7,3,3,3,3,3,3,3
"Mizaistom Nana","Hunter x Hunter",115000,45.5,37.9,45.9,54.5,4,4,4,4,4,4,4
"Moblit Berner","Attack on Titan",115000,48.3,20.0,50.0,85.7,3,5,2,3,5,3,5
"Moff Gideon","Star Wars",167000,52.6,50.0,27.3,53.3,4,2,4,4,4,4,4
"Momo Hinamori","Bleach",133000,46.5,32.1,57.1,43.3,3,4,2,3,4,2,4
"Momo Nishimiya","Jujutsu Kaisen",179000,47.4,31.8,43.3,81.8,2,3,2,2,5,2,3
"Momonosuke","One Piece",137000,42.9,37.5,66.7,26.7,3,1,4,2,3,4,3
"Mon Mothma","Star Wars",146000,50.6,61.5,28.6,78.9,5,3,1,1,5,4,5
"Monet","One Piece",140000,41.6,36.8,63.2,53.3,3,4,2,3,4,3,4
"Mongul","DC Comics",120000,46.0,81.3,39.3,27.6,5,2,5,5,2,5,5
"Monkey D. Dragon","One Piece",120000,51.6,58.3,34.8,54.8,5,1,4,5,4,5,5
"Monkey D. Garp","One Piece",170000,50.0,65.7,40.6,34.4,5,3,5,5,2,5,5
"Monkey D. Luffy","One Piece",350000,54.7,76.4,37.1,33.3,5,1,5,5,1,5,5
"Moon Knight","Marvel Comics",129000,55.6,55.6,65.2,31.3,3,2,4,5,3,4,3
"Mordred","Fate",179000,64.2,100.0,50.0,0.0,4,2,4,5,2,4,4
"Morel Mackernasey","Hunter x Hunter",135000,51.3,38.1,56.5,71.0,4,4,4,4,5,4,4
"Morgan","Fate",109000,57.1,100.0,50.0,40.0,5,3,4,5,4,5,5
"Mr. 1 (Daz Bonez)","One Piece",143000,37.7,43.8,25.0,27.8,3,4,5,4,1,3,4
"Mr. 3 (Galdino)","One Piece",144000,49.6,23.5,57.9,83.3,2,3,4,2,5,2,3
"Mr. Fantastic","Marvel Comics",162000,53.9,52.0,41.9,83.3,5,3,4,3,5,4,5
"Mr. Freeze","DC Comics",132000,43.9,26.1,67.9,36.8,3,2,4,4,3,3,3
"Mr. Satan","Dragon Ball",137000,52.2,79.3,36.5,77.2,5,1,5,1,5,5,5
"Mu","Naruto",130000,53.1,80.0,25.0,50.0,5,2,3,5,4,5,5
"Musashi Miyamoto","Fate",129000,46.9,0.0,0.0,50.0,3,3,3,5,2,4,3
"Mysterio","Marvel Comics",146000,50.6,35.3,50.0,81.8,4,3,2,3,5,3,4
"Mystique","Marvel Comics",171000,59.6,47.5,67.4,72.5,4,4,2,4,5,4,4
"Nagato","Naruto",114000,59.7,83.3,33.3,77.8,5,2,4,5,5,5,5
"Nagi Yoshino","Jujutsu Kaisen",130000,42.8,31.0,54.5,34.4,1,1,1,1,2,1,1
"Nami","One Piece",150000,47.6,32.9,56.5,68.3,4,4,1,2,5,2,4
"Namor","Marvel Comics",114000,52.0,60.0,31.6,38.1,5,3,4,5,3,5,5
"Nanaba","Attack on Titan",117000,43.3,25.0,50.0,100.0,3,4,3,4,4,3,4
"Nanao Ise","Bleach",130000,48.3,21.7,29.2,90.3,3,5,2,2,5,3,5
"Naobito Zenin","Jujutsu Kaisen",169000,48.5,34.8,36.0,27.3,5,3,3,5,2,4,5
"Naoya Zenin","Jujutsu Kaisen",168000,49.7,50.0,62.1,36.4,4,2,3,5,1,4,4
"Nappa","Dragon Ball",119000,45.8,42.4,42.9,37.8,3,4,5,4,1,4,4
"Naruto Uzumaki","Naruto",380000,63.5,82.7,27.9,90.9,5,2,5,5,5,5,5
"Nebula","Marvel Comics",136000,48.1,34.8,50.0,52.4,3,4,4,4,3,3,4
"Neferpitou","Hunter x Hunter",144000,60.2,83.3,47.4,83.3,4,3,4,5,5,5,4
"Neji Hyuga","Naruto",140000,47.0,37.2,51.1,42.9,4,4,3,4,3,3,4
"Nekomamushi","One Piece",135000,49.4,59.1,50.0,23.8,4,4,5,4,2,4,4
"Nelliel Tu Odelschwanck","Bleach",125000,48.1,12.5,53.3,25.0,4,4,4,5,3,4,4
"Nemu Kurotsuchi","Bleach",124000,51.1,35.0,59.3,59.0,2,4,4,4,4,2,4
"Nero Claudius","Fate",157000,51.3,66.7,0.0,62.5,5,3,4,4,4,5,5
"Nick Fury","Marvel Comics",107000,49.7,59.1,27.3,69.2,5,4,2,3,5,5,5
"Nico Robin","One Piece",180000,54.3,41.3,56.7,80.6,4,4,2,4,5,4,4
"Nightcrawler","Marvel Comics",176000,49.6,43.8,61.5,62.5,3,4,2,4,5,3,4
"Nightingale","Fate",123000,67.4,40.0,100.0,100.0,3,4,4,3,5,4,4
"Nightwing","DC Comics",180000,47.0,47.1,16.7,36.4,5,5,3,5,4,4,5
"Niji Ebina","Jujutsu Kaisen",124000,43.1,38.9,50.0,42.9,2,2,3,2,2,2,2
"Nile Dok","Attack on Titan",119000,47.3,57.1,50.0,42.9,4,4,2,3,4,3,4
"Nnoitra Gilga","Bleach",112000,53.4,64.3,57.9,37.5,3,2,5,4,1,4,3
"Nobara Kugisaki","Jujutsu Kaisen",198000,47.3,38.2,57.7,46.7,3,3,3,4,3,4,3
"Nobunaga Hazama","Hunter x Hunter",128000,42.8,51.9,50.0,37.9,3,3,2,5,2,4,3
"Noritoshi Kamo","Jujutsu Kaisen",180000,49.4,50.0,70.6,40.7,4,4,3,4,4,3,4
"Nova","Marvel Comics",110000,52.4,41.4,58.8,36.7,4,4,4,5,4,4,4
"Nute Gunray","Star Wars",108000,46.0,26.3,64.3,56.3,3,2,1,1,4,2,3
"Oberon","Fate",102000,54.5,0.0,50.0,66.7,5,3,3,4,5,5,5
"Obi-Wan Kenobi","Star Wars",192000,48.4,22.2,38.1,47.1,5,4,4,5,4,4,5
"Obito Uchiha","Naruto",290000,73.3,88.2,55.6,96.2,5,4,5,5,5,5,5
"Ocean Master","DC Comics",111000,53.9,53.3,42.9,44.4,4,3,4,4,3,4,4
"Oda Nobunaga","Fate",135000,48.9,100.0,0.0,25.0,5,3,3,5,3,5,5
"Odysseus","Fate",105000,59.5,100.0,0.0,100.0,5,4,4,4,4,4,5
"Oetsu Nimaiya","Bleach",137000,42.2,37.5,30.0,37.5,5,3,4,5,4,4,5
"Ogami","Jujutsu Kaisen",126000,46.5,31.8,44.4,65.5,3,2,2,2,5,3,3
"Ogami's Grandson","Jujutsu Kaisen",125000,47.4,50.0,70.0,27.3,2,3,4,4,2,3,3
"Ogi Zenin","Jujutsu Kaisen",167000,49.4,41.4,46.4,38.1,3,3,3,4,2,3,3
"Okada Izo","Fate",110000,44.4,33.3,0.0,0.0,2,2,2,5,1,2,2
"Okita Souji","Fate",136000,34.5,100.0,60.0,25.0,3,3,2,5,2,4,3
"Omega","Star Wars",119000,44.8,23.1,50.0,76.5,3,3,2,3,5,3,3
"Omoi","Naruto",125000,46.4,57.1,44.4,21.4,3,3,3,4,3,2,3
"Onoki","Naruto",85000,44.9,22.9,44.8,42.1,5,4,3,5,4,4,5
"Orihime Inoue","Bleach",150000,54.3,50.0,58.8,81.8,3,4,4,1,5,4,4
"Orion","Fate",149000,54.8,75.0,33.3,50.0,3,3,3,5,3,4,3
"Orlumbus","One Piece",113000,42.2,41.7,57.1,18.2,4,3,4,3,4,3,4
"Orochimaru","Naruto",210000,51.5,78.7,34.2,31.7,5,3,5,5,2,5,5
"Orphan (Cassandra Cain)","DC Comics",173000,45.8,37.5,43.5,51.9,3,3,3,5,2,4,3
"Oruo Bozad","Attack on Titan",114000,33.3,37.5,16.7,37.5,3,3,3,4,3,3,3
"Ozymandias","Fate",167000,32.4,60.0,16.7,0.0,5,2,4,5,4,5,5
"Padme Amidala","Star Wars",190000,50.8,45.8,33.3,92.9,5,3,2,3,5,4,5
"Page One","One Piece",126000,42.5,62.5,50.0,29.2,2,3,5,3,1,2,3
"Pain","Naruto",320000,52.7,76.2,22.0,48.0,5,3,5,5,2,5,5
"Pakunoda","Hunter x Hunter",123000,55.8,50.0,60.9,81.8,3,4,2,2,5,3,4
"Palm Siberia","Hunter x Hunter",131000,55.2,46.7,53.3,90.6,2,3,4,4,5,4,3
"Panda","Jujutsu Kaisen",192000,47.2,43.2,50.0,31.0,3,4,5,4,3,3,4
"Parasite","DC Comics",121000,50.8,37.5,55.6,38.5,2,2,4,5,1,4,2
"Pariston Hill","Hunter x Hunter",117000,47.8,44.7,29.6,76.1,5,4,2,2,5,4,5
"Pedro","One Piece",133000,44.3,54.5,50.0,66.7,4,4,3,4,3,4,4
"Peli Motto","Star Wars",101000,41.1,30.0,46.7,75.0,2,3,2,1,5,2,3
"Penguin","DC Comics",139000,48.5,65.0,47.8,45.0,4,3,2,2,4,3,4
"Pernida Parnkgjas","Bleach",112000,56.4,80.0,64.3,41.7,4,1,5,5,4,5,4
"Perona","One Piece",142000,42.1,33.3,42.9,60.0,3,2,1,2,5,3,3
"Pesche Guatiche","Bleach",124000,42.4,30.0,42.9,14.3,2,3,2,2,4,2,3
"Petra Ral","Attack on Titan",113000,45.3,63.6,50.0,20.0,3,3,3,4,4,4,3
"Phantom of the Opera","Fate",145000,32.2,50.0,100.0,40.0,2,2,2,3,4,2,2
"Phil Coulson","Marvel Comics",106000,47.0,28.6,25.8,88.2,4,5,2,2,5,3,5
"Phinks Magcub","Hunter x Hunter",129000,46.0,28.6,54.5,31.3,4,3,4,5,1,4,4
"Pica","One Piece",105000,38.2,60.0,45.5,11.1,4,3,5,4,2,4,4
"Piccolo","Dragon Ball",147000,55.6,50.0,39.5,75.0,5,5,4,4,5,4,5
"Pieck Finger","Attack on Titan",137000,54.5,33.3,66.7,75.0,4,4,4,3,5,4,4
"Plastic Man","DC Comics",186000,51.2,55.0,52.4,50.0,2,3,5,3,4,2,3
"Plo Koon","Star Wars",135000,52.9,70.6,50.0,47.1,4,4,4,4,4,4,4
"Poe Dameron","Star Wars",174000,44.4,31.3,60.0,38.9,4,3,3,4,4,3,4
"Poison Ivy","DC Comics",136000,55.2,58.1,41.9,65.0,4,3,4,5,5,4,4
"Porco Galliard","Attack on Titan",136000,39.0,33.3,50.0,18.2,3,3,4,5,2,3,3
"Portgas D. Ace","One Piece",280000,59.3,80.0,40.9,44.4,4,5,3,5,2,5,5
"Professor X","Marvel Comics",173000,56.9,70.4,40.0,73.7,5,3,1,2,5,5,5
"Punisher","Marvel Comics",133000,47.7,33.3,75.0,28.6,4,2,4,5,3,4,4
"Qi'ra","Star Wars",112000,50.5,37.5,50.0,50.0,4,3,3,4,4,4,4
"Queen","One Piece",80000,48.8,28.1,64.5,52.0,3,4,5,4,4,3,4
"Quetzalcoatl","Fate",133000,52.6,100.0,0.0,33.3,5,3,4,5,4,5,5
"Qui-Gon Jinn","Star Wars",189000,55.6,57.1,58.8,45.5,4,3,3,4,4,4,4
"Quilge Opie","Bleach",103000,30.8,16.7,33.3,33.3,4,3,4,4,4,4,4
"Quinlan Vos","Star Wars",128000,53.2,58.8,66.7,41.2,3,3,3,5,4,4,3
"R2-D2","Star Wars",172000,49.2,48.0,52.6,87.5,3,4,4,3,5,4,4
"Ra's al Ghul","DC Comics",134000,45.9,82.4,40.0,48.0,5,2,4,5,4,5,5
"Raditz","Dragon Ball",120000,37.4,20.7,34.8,19.4,2,2,2,3,1,2,2
"Rangiku Matsumoto","Bleach",128000,47.6,23.3,60.5,43.8,3,4,3,3,4,3,4
"Rasa","Naruto",128000,39.5,35.7,31.3,23.5,5,2,4,4,3,4,5
"Raven","DC Comics",150000,53.6,87.5,42.1,78.9,3,4,3,5,5,5,4
"Razor","Hunter x Hunter",114000,50.0,73.7,43.2,32.4,4,3,4,5,3,5,4
"Rebecca","One Piece",112000,48.5,36.4,30.0,71.4,2,2,4,2,2,2,2
"Recoome","Dragon Ball",126000,44.0,36.8,55.1,26.9,2,3,5,4,1,3,3
"Red Hood","DC Comics",179000,47.1,20.0,62.5,15.0,4,2,4,5,2,4,4
"Red Skull","Marvel Comics",121000,58.1,85.2,17.6,41.7,5,3,3,4,4,5,5
"Red Tornado","DC Comics",185000,48.4,50.0,57.9,37.5,3,3,4,4,4,3,3
"Reggie Star","Jujutsu Kaisen",150000,53.9,32.6,71.4,51.4,4,3,3,4,4,3,4
"Reiner Braun","Attack on Titan",146000,52.4,33.3,63.6,60.0,4,4,5,4,3,4,4
"Remi","Jujutsu Kaisen",148000,36.9,41.7,53.8,27.8,2,2,1,2,2,1,2
"Renji Abarai","Bleach",132000,50.8,26.5,44.4,47.4,3,4,4,4,2,3,4
"Retsu Unohana","Bleach",147000,61.9,88.9,20.8,87.5,5,4,4,5,5,5,5
"Reverse-Flash","DC Comics",118000,46.3,65.0,69.2,50.0,4,2,3,5,4,5,4
"Rey","Star Wars",177000,57.3,56.3,52.0,63.6,4,3,3,5,4,4,4
"Rhino","Marvel Comics",143000,44.2,41.9,53.8,29.6,2,2,5,4,1,3,2
"Rico Brzenska","Attack on Titan",107000,40.8,33.3,50.0,50.0,4,3,3,4,4,3,4
"Riddler","DC Comics",138000,47.8,32.0,59.1,93.8,3,2,1,2,5,3,3
"Rika Orimoto","Jujutsu Kaisen",134000,54.4,71.9,66.7,50.0,4,4,5,5,4,5,4
"Riko Amanai","Jujutsu Kaisen",123000,39.0,20.0,29.2,57.1,2,2,1,1,4,2,2
"Rin Amai","Jujutsu Kaisen",144000,40.3,20.0,50.0,52.0,2,3,1,1,4,1,3
"Rin Nohara","Naruto",102000,44.3,38.5,25.0,90.9,2,3,2,2,5,2,3
"Riruka Dokugamine","Bleach",128000,48.8,18.2,61.5,72.7,3,3,2,3,4,3,3
"Rob Lucci","One Piece",149000,50.9,33.3,52.6,25.0,4,3,4,5,1,4,4
"Robert Accutrone","Bleach",102000,33.3,37.5,60.0,66.7,4,3,3,4,3,3,4
"Robin Hood","Fate",156000,29.3,20.0,80.0,0.0,3,4,2,4,4,3,4
"Rock Lee","Naruto",170000,49.1,47.7,46.8,38.3,3,3,4,5,1,4,3
"Rocket Raccoon","Marvel Comics",138000,55.1,26.9,56.0,89.5,4,4,2,5,5,3,4
"Rod Reiss","Attack on Titan",127000,42.1,10.0,57.1,22.2,3,2,5,2,3,3,3
"Rogue","Marvel Comics",178000,48.3,27.3,88.9,37.0,3,4,4,5,3,4,4
"Rojuro Otoribashi","Bleach",148000,44.8,35.7,54.5,29.2,4,3,3,4,3,3,4
"Rokujushi Miyo","Jujutsu Kaisen",142000,46.4,31.0,61.9,53.8,3,2,3,4,4,3,3
"Romulus","Fate",148000,54.3,100.0,0.0,50.0,5,3,5,4,4,5,5
"Roronoa Zoro","One Piece",280000,54.1,81.6,36.7,22.8,3,5,4,5,2,5,5
"Rose Tico","Star Wars",115000,53.6,41.7,70.0,50.0,3,4,3,3,4,3,4
"Roshi","Naruto",30000,55.6,38.5,66.7,77.6,3,3,5,4,5,4,3
"Rukia Kuchiki","Bleach",130000,44.7,51.6,32.6,35.0,4,5,2,4,4,4,5
"Ryokugyu","One Piece",40000,55.5,50.0,70.0,50.0,4,3,5,4,4,4,4
"Ryomen Sukuna","Jujutsu Kaisen",196000,53.2,80.6,28.6,39.5,5,1,5,5,1,5,5
"Ryu Ishigori","Jujutsu Kaisen",154000,50.2,69.4,43.2,35.6,4,2,5,5,1,5,4
"Ryuken Ishida","Bleach",147000,42.9,0.0,45.5,33.3,4,3,3,4,4,3,4
"Sabine Wren","Star Wars",156000,46.6,40.0,52.6,45.0,3,4,3,4,4,3,4
"Sabo","One Piece",150000,56.9,71.4,54.2,56.0,4,5,3,5,3,5,5
"Sabretooth","Marvel Comics",170000,44.7,43.8,48.4,36.7,2,1,5,5,1,4,2
"Sai","One Piece",117000,43.0,40.0,41.7,26.7,4,3,4,4,2,3,4
"Sai","Naruto",145000,49.4,44.4,42.9,50.0,3,3,2,4,4,2,3
"Saint Martha","Fate",140000,53.9,66.7,50.0,100.0,4,3,4,4,5,4,4
"Saito Hajime","Fate",108000,43.5,50.0,100.0,0.0,3,4,3,5,2,3,4
"Sajin Komamura","Bleach",144000,49.5,32.4,64.3,35.0,4,4,5,4,3,4,4
"Sakamoto Ryoma","Fate",119000,54.8,25.0,50.0,33.3,4,4,3,4,4,4,4
"Sakata Kintoki","Fate",164000,58.5,66.7,100.0,20.0,3,4,4,5,2,4,4
"Sakon & Ukon","Naruto",134000,55.2,35.0,84.6,20.0,2,2,3,5,2,3,2
"Sakura Haruno","Naruto",120000,52.5,50.0,51.1,71.4,4,4,4,4,5,3,4
"Samui","Naruto",123000,46.8,57.9,55.6,22.2,4,4,3,3,3,3,4
"Sandman","Marvel Comics",148000,45.5,48.3,29.4,55.0,3,3,5,4,3,3,3
"Sanji","One Piece",210000,57.4,40.4,60.9,91.1,3,4,3,4,5,3,4
"Saori","Jujutsu Kaisen",132000,39.0,30.0,55.6,35.7,1,1,1,1,2,1,1
"Sasaki","Jujutsu Kaisen",115000,37.8,19.0,33.3,36.0,1,1,1,1,2,1,1
"Sasaki","One Piece",123000,44.7,36.4,53.8,30.0,4,3,5,4,1,3,4
"Sasaki Kojiro","Fate",195000,32.6,40.0,25.0,25.0,2,2,2,5,1,2,2
"Sasha Braus","Attack on Titan",141000,42.5,38.9,62.5,40.0,3,3,2,4,3,4,3
"Sasori","Naruto",130000,49.1,40.6,52.3,30.8,4,3,4,4,2,4,4
"Sasuke Uchiha","Naruto",310000,51.0,77.8,30.6,34.9,4,5,3,5,2,5,5
"Satoru Gojo","Jujutsu Kaisen",197000,59.9,83.3,41.4,80.6,5,1,5,5,5,5,5
"Savage Opress","Star Wars",160000,44.9,52.9,55.0,38.9,2,2,5,5,1,4,2
"Savitar","DC Comics",114000,46.9,43.8,58.3,30.8,4,2,4,5,2,4,4
"Saw Gerrera","Star Wars",109000,39.1,41.2,61.5,20.0,4,2,4,4,3,4,4
"Scarecrow","DC Comics",135000,50.6,41.9,44.9,78.2,3,2,2,3,5,4,3
"Scarlet Witch","Marvel Comics",194000,63.2,100.0,57.1,80.0,3,2,3,5,5,5,3
"Scathach","Fate",168000,51.3,83.3,40.0,50.0,5,4,4,5,4,5,5
"Scratchmen Apoo","One Piece",122000,44.9,55.6,62.5,66.7,3,3,2,3,4,3,3
"Sebulba","Star Wars",106000,40.0,37.5,28.6,31.3,2,2,3,3,2,3,2
"Semiramis","Fate",171000,59.5,66.7,50.0,57.1,5,2,3,4,5,5,5
"Sengoku","One Piece",60000,53.2,86.4,32.0,43.5,5,4,5,5,4,5,5
"Senji Muramasa","Fate",115000,57.7,0.0,50.0,0.0,4,3,4,5,3,4,4
"Senjumaru Shutara","Bleach",135000,48.3,50.0,66.7,30.0,4,3,4,5,4,4,4
"Senor Pink","One Piece",108000,47.2,0.0,63.2,37.5,3,3,4,3,2,3,3
"Shaak Ti","Star Wars",129000,49.2,26.7,66.7,35.7,4,4,3,4,4,4,4
"Shaiapouf","Hunter x Hunter",143000,56.3,45.5,33.3,90.9,3,5,2,3,5,4,5
"Shalnark","Hunter x Hunter",125000,49.4,34.3,58.3,50.0,4,4,2,4,4,3,4
"Shang-Chi","Marvel Comics",111000,55.4,47.8,73.3,32.0,3,4,3,5,3,4,4
"Shanks","One Piece",320000,47.9,74.4,10.7,30.6,5,2,4,5,3,5,5
"Shazam","DC Comics",190000,58.1,82.8,51.7,51.2,3,3,5,5,3,5,3
"She-Hulk","Marvel Comics",108000,51.8,56.3,57.1,53.6,4,4,5,4,4,4,4
"Shigekuni Yamamoto","Bleach",150000,51.7,76.2,33.3,31.8,5,1,4,5,2,5,5
"Shikaku Nara","Naruto",106000,45.5,28.6,28.6,72.7,5,5,2,3,5,4,5
"Shikamaru Nara","Naruto",180000,53.0,28.0,40.9,82.1,5,5,1,2,5,2,5
"Shinji Hirako","Bleach",146000,52.2,50.0,41.7,61.5,5,4,3,4,4,4,5
"Shino Aburame","Naruto",85000,53.8,48.5,63.9,48.8,4,4,2,4,4,3,4
"Shiryu","One Piece",60000,52.9,39.3,42.1,52.2,3,5,4,5,2,4,5
"Shisui Uchiha","Naruto",150000,51.7,42.9,72.7,45.5,4,4,2,5,4,4,4
"Shiu Kong","Jujutsu Kaisen",121000,46.1,26.7,37.5,62.5,3,4,2,3,4,3,4
"Shizuku Murasaki","Hunter x Hunter",124000,53.4,40.0,58.3,69.2,2,3,2,3,5,2,3
"Shizune","Naruto",146000,59.2,40.0,64.3,89.5,3,4,2,3,5,2,4
"Shoko Ieiri","Jujutsu Kaisen",175000,51.8,34.5,76.5,81.0,2,4,1,1,5,2,4
"Shoot McMahon","Hunter x Hunter",132000,44.4,28.6,45.8,54.2,2,3,3,4,3,3,3
"Shuhei Hisagi","Bleach",129000,49.1,45.2,62.9,32.5,3,4,4,4,3,3,4
"Shukuro Tsukishima","Bleach",129000,54.7,66.7,62.5,85.7,4,3,3,5,5,4,4
"Shunsui Kyoraku","Bleach",143000,51.6,88.0,30.8,53.6,5,4,4,5,3,5,5
"Shuten-douji","Fate",131000,40.0,100.0,50.0,75.0,4,2,3,4,5,5,4
"Siegfried","Fate",185000,50.9,62.5,0.0,50.0,3,4,5,4,3,4,4
"Sigurd","Fate",122000,52.4,16.7,0.0,37.5,4,3,4,5,3,4,4
"Silva Zoldyck","Hunter x Hunter",140000,48.6,77.3,31.6,28.6,5,3,5,5,2,5,5
"Silver Surfer","Marvel Comics",157000,57.6,50.0,73.9,33.3,4,3,5,5,4,5,4
"Silvers Rayleigh","One Piece",190000,49.5,77.8,25.0,20.8,4,5,4,5,4,5,5
"Simon Baz","DC Comics",154000,45.9,32.0,47.8,33.3,3,4,4,4,4,3,4
"Sinestro","DC Comics",113000,63.1,86.4,50.0,50.0,5,2,4,5,4,5,5
"Skadi","Fate",118000,65.9,83.3,0.0,80.0,5,3,3,3,5,5,5
"Smallpox Deity","Jujutsu Kaisen",102000,44.9,66.7,52.6,63.6,3,1,4,4,2,4,3
"Smoker","One Piece",70000,57.4,51.7,82.6,56.7,4,4,3,3,3,3,4
"Soi Fon","Bleach",149000,46.5,45.2,59.3,28.6,4,4,2,5,2,4,4
"Son Goku","Dragon Ball",400000,52.7,75.6,25.7,37.1,5,2,5,5,1,5,5
"Sonoda","Jujutsu Kaisen",118000,40.6,26.3,30.4,26.1,1,1,1,1,1,1,1
"Sosuke Aizen","Bleach",119000,48.7,70.0,27.8,40.0,5,4,4,5,4,5,5
"Spartacus","Fate",180000,54.0,60.0,50.0,66.7,3,1,5,3,2,4,3
"Spider-Gwen","Marvel Comics",154000,46.2,34.8,55.0,53.8,3,4,2,4,4,3,4
"Spider-Man","Marvel Comics",187000,50.9,55.6,50.0,61.9,4,4,3,5,4,4,4
"Spider-Woman","Marvel Comics",105000,49.5,37.5,81.8,45.5,3,4,3,4,4,3,4
"Spoiler","DC Comics",174000,50.6,55.0,62.5,44.8,3,3,2,3,4,2,3
"Star-Lord","Marvel Comics",141000,48.4,52.9,43.3,41.2,5,3,3,4,4,3,5
"Starfire","DC Comics",151000,48.9,38.1,52.6,44.0,4,3,4,5,3,4,4
"Static Shock","DC Comics",144000,51.2,50.0,70.8,41.4,4,3,3,4,4,4,4
"Steel","DC Comics",165000,63.6,38.5,85.7,90.0,4,4,4,4,5,3,4
"Storm","Marvel Comics",180000,55.1,84.6,26.7,53.8,5,4,3,5,4,5,5
"Sugar","One Piece",109000,52.8,72.2,54.5,88.9,2,2,1,1,5,4,2
"Suguru Geto","Jujutsu Kaisen",190000,54.5,69.7,30.6,72.4,5,3,4,5,5,5,5
"Suigetsu Hozuki","Naruto",141000,39.6,57.1,25.0,13.3,2,2,4,4,2,3,2
"Super Orion","Fate",114000,57.7,100.0,100.0,100.0,3,3,5,5,3,4,3
"Superboy (Conner Kent)","DC Comics",167000,53.9,46.2,52.9,50.0,3,4,4,4,3,4,4
"Superboy (Jon Kent)","DC Comics",166000,50.9,51.2,60.9,29.0,4,3,4,4,4,4,4
"Supergirl","DC Comics",168000,55.6,73.3,59.1,39.3,4,3,5,5,3,5,4
"Superman","DC Comics",200000,50.9,86.4,31.6,48.1,5,3,5,5,4,5,5
"Supreme Leader Snoke","Star Wars",116000,48.6,75.0,22.2,58.3,5,1,3,4,5,5,5
"Swamp Thing","DC Comics",104000,55.6,83.3,45.5,66.7,3,2,5,5,5,5,3
"Szayelaporro Granz","Bleach",109000,48.2,33.3,66.7,81.8,3,2,3,3,5,3,3
"Taichi Kubo","Jujutsu Kaisen",119000,44.0,35.3,40.9,50.0,1,1,1,1,1,1,1
"Takagi","Jujutsu Kaisen",116000,36.0,47.4,52.6,13.0,1,1,1,1,1,1,1
"Takako Uro","Jujutsu Kaisen",153000,56.6,64.7,69.7,48.5,4,3,3,5,3,4,4
"Takeda","Jujutsu Kaisen",117000,38.5,68.8,63.2,21.1,1,1,1,1,1,1,1
"Takuma Ino","Jujutsu Kaisen",113000,55.5,41.7,63.6,65.0,3,4,3,4,4,3,4
"Talia al Ghul","DC Comics",133000,53.4,40.0,67.9,57.1,4,4,3,4,4,4,4
"Tamamo-no-Mae","Fate",139000,59.2,100.0,0.0,50.0,4,3,3,3,5,5,4
"Tashigi","One Piece",40000,42.2,29.6,44.4,26.5,3,4,2,3,3,2,4
"Taskmaster","Marvel Comics",117000,48.0,38.1,57.9,43.5,4,3,3,5,4,3,4
"Tatsuki Arisawa","Bleach",145000,33.8,62.5,40.0,0.0,2,3,3,3,2,2,3
"Tayuya","Naruto",137000,43.8,57.1,54.5,44.4,2,2,2,4,4,3,2
"Tech","Star Wars",122000,55.2,28.6,52.9,87.5,3,4,3,3,5,3,4
"Temari","Naruto",110000,41.6,27.3,50.0,29.4,4,4,2,4,3,3,4
"Tempest","DC Comics",146000,46.3,44.4,52.4,53.6,3,4,4,4,4,3,4
"Tengen","Jujutsu Kaisen",163000,60.2,77.3,57.1,81.0,4,4,5,1,5,5,4
"Tenjiro Kirinji","Bleach",136000,49.4,30.0,60.0,81.3,4,4,4,4,5,4,4
"Tenten","Naruto",60000,39.1,34.2,59.5,32.4,2,3,2,3,3,1,3
"Tessai Tsukabishi","Bleach",120000,54.9,43.5,47.6,78.9,4,4,4,4,5,4,4
"Tetsuzaemon Iba","Bleach",131000,50.2,48.6,59.4,35.9,3,4,4,3,2,3,4
"Thanos","Marvel Comics",125000,48.5,71.4,20.0,53.3,5,1,5,5,4,5,5
"The Atom","DC Comics",184000,50.0,38.9,52.9,82.8,3,4,1,3,5,2,4
"The Flash","DC Comics",197000,59.5,50.0,56.0,83.3,4,4,3,4,5,4,4
"Theo Magath","Attack on Titan",122000,66.7,71.4,28.6,41.7,5,4,3,4,4,4,5
"Thing","Marvel Comics",159000,46.6,35.1,50.0,40.7,3,4,5,4,3,4,4
"Thor","Marvel Comics",198000,54.2,71.4,86.7,12.5,4,3,5,5,3,5,4
"Tien Shinhan","Dragon Ball",145000,50.0,53.3,50.0,53.1,3,3,3,4,4,3,3
"Tier Harribel","Bleach",114000,50.9,51.2,65.5,34.4,4,3,4,4,3,4,4
"Tim Drake","DC Comics",178000,51.1,22.7,32.0,81.3,4,5,2,4,5,3,5
"Tobirama Senju","Naruto",230000,51.9,80.6,27.6,35.0,5,5,4,5,3,5,5
"Toge Inumaki","Jujutsu Kaisen",193000,56.0,53.6,47.1,78.8,3,4,2,3,5,3,4
"Toji Fushiguro","Jujutsu Kaisen",165000,51.4,83.9,60.0,32.1,4,2,5,5,1,5,4
"Toki","One Piece",102000,48.4,50.0,42.1,75.0,3,3,1,1,5,3,3
"Tony Tony Chopper","One Piece",75000,51.3,40.4,53.7,64.6,2,3,4,3,5,2,3
"Toppo","Dragon Ball",101000,48.1,63.6,29.0,46.2,5,4,5,4,3,5,5
"Toshihisa Negi","Jujutsu Kaisen",108000,44.5,22.2,58.3,43.8,2,3,2,3,3,2,3
"Toshiro Hitsugaya","Bleach",141000,47.4,41.7,65.2,42.4,4,3,3,4,3,4,4
"Trafalgar Law","One Piece",250000,50.8,34.6,24.1,85.3,5,4,3,5,5,4,5
"Trebol","One Piece",107000,52.9,62.5,50.0,70.0,3,4,3,3,4,3,4
"Trigon","DC Comics",106000,55.2,83.3,38.1,42.3,5,1,5,5,4,5,5
"Tristan","Fate",121000,57.5,25.0,0.0,60.0,3,4,3,4,4,3,4
"Trunks","Dragon Ball",134000,39.2,37.5,40.0,21.7,3,3,3,3,2,2,3
"Tsumiki Fushiguro","Jujutsu Kaisen",135000,41.7,26.1,53.6,56.5,2,2,1,1,3,1,2
"Tsunade","Naruto",190000,58.3,83.8,27.1,76.1,5,4,5,5,5,5,5
"Two-Face","DC Comics",140000,48.7,42.1,60.6,34.6,4,2,3,3,3,3,4
"Udo","Attack on Titan",104000,35.2,25.0,57.1,16.7,2,2,1,2,4,2,2
"Ui Ui","Jujutsu Kaisen",170000,53.2,40.0,54.5,81.0,2,4,2,2,5,2,4
"Ulquiorra Cifer","Bleach",113000,59.1,100.0,63.6,15.0,4,4,4,5,2,5,4
"Ulti","One Piece",127000,46.2,50.0,70.6,14.3,3,3,5,4,1,3,3
"Ultron","Marvel Comics",123000,55.7,80.0,28.6,90.9,5,1,5,5,5,5,5
"Uraume","Jujutsu Kaisen",161000,50.8,68.8,33.3,35.5,4,5,4,5,4,5,5
"Uri Reiss","Attack on Titan",126000,41.7,37.5,60.0,33.3,4,3,4,4,4,4,4
"Urouge","One Piece",121000,55.1,65.0,66.7,25.0,4,2,5,4,1,4,4
"Uryu Ishida","Bleach",104000,53.8,31.3,75.0,40.9,3,4,2,4,4,3,4
"Usopp","One Piece",60000,52.1,32.3,48.9,75.8,3,2,2,2,5,2,3
"Utahime Iori","Jujutsu Kaisen",178000,50.9,30.3,60.0,85.2,3,4,2,2,5,2,4
"Utakata","Naruto",45000,50.5,29.4,40.0,84.4,3,3,4,4,5,3,3
"Uvogin","Hunter x Hunter",126000,61.1,81.0,59.1,30.4,3,2,5,5,1,5,3
"Vados","Dragon Ball",108000,62.2,82.4,27.8,75.0,4,5,5,5,5,5,5
"Valkyrie","Marvel Comics",101000,53.1,60.9,70.8,45.0,4,4,4,5,3,4,4
"Vandal Savage","DC Comics",105000,49.4,35.3,25.0,70.4,5,3,4,4,5,4,5
"Vegeta","Dragon Ball",320000,52.7,71.4,33.3,41.2,4,5,4,5,2,5,5
"Vegeta","Dragon Ball",149000,59.3,70.0,29.7,58.8,4,5,4,5,2,5,5
"Vegito","Dragon Ball",113000,50.5,75.0,58.8,27.3,4,3,4,5,2,5,4
"Venom","Marvel Comics",153000,44.8,73.3,55.0,15.8,3,2,5,5,2,5,3
"Vergo","One Piece",139000,48.6,36.8,57.1,20.0,4,3,5,4,2,4,4
"Videl","Dragon Ball",138000,47.9,25.0,64.9,47.5,3,3,2,3,3,2,3
"Vinsmoke Judge","One Piece",128000,53.4,57.1,23.1,33.3,5,2,4,4,3,4,5
"Vinsmoke Reiju","One Piece",129000,50.7,40.9,66.7,85.7,3,4,3,4,5,3,4
"Viola","One Piece",110000,44.8,26.7,58.3,63.2,3,4,1,2,5,3,4
"Vision","Marvel Comics",193000,67.9,55.6,69.2,83.3,4,4,4,4,5,4,4
"Vista","One Piece",40000,37.1,45.8,55.6,16.0,3,4,3,5,2,3,4
"Vivi","One Piece",40000,46.0,26.2,66.0,38.9,4,3,1,1,4,2,4
"Vlad III","Fate",177000,49.1,100.0,0.0,0.0,5,3,4,4,3,5,5
"Vlad III (Berserker)","Fate",144000,49.3,80.0,0.0,50.0,4,3,4,5,3,4,4
"Vulture","Marvel Comics",145000,43.7,40.7,57.1,40.7,3,3,2,3,3,2,3
"Wally West","DC Comics",162000,56.1,91.3,85.7,46.7,4,4,3,5,4,5,4
"War Machine","Marvel Comics",184000,58.4,46.7,63.6,75.0,4,4,4,4,4,3,4
"Wasp","Marvel Comics",191000,52.6,26.1,50.0,48.0,4,4,2,3,4,3,4
"Wasuke Itadori","Jujutsu Kaisen",138000,39.2,29.2,46.2,25.0,1,1,1,1,2,1,1
"Watto","Star Wars",107000,42.7,53.8,46.2,53.3,2,2,2,1,3,2,2
"Wedge Antilles","Star Wars",143000,56.0,40.9,73.3,43.8,4,4,3,4,4,3,4
"Welfin","Hunter x Hunter",110000,48.6,33.3,60.5,48.5,3,3,3,3,4,3,3
"Whis","Dragon Ball",110000,54.5,85.7,23.8,80.6,4,5,5,5,5,5,5
"Whitebeard","One Piece",260000,53.7,72.4,36.8,44.0,5,1,5,5,4,5,5
"Who's-Who","One Piece",125000,43.6,40.0,54.5,46.7,4,3,3,4,2,3,4
"William Shakespeare","Fate",181000,42.2,100.0,60.0,66.7,2,3,1,1,5,3,3
"Willy Tybur","Attack on Titan",124000,44.6,80.0,33.3,83.3,5,3,2,2,5,5,5
"Winter Soldier","Marvel Comics",185000,50.0,53.3,70.6,33.3,3,4,3,5,3,4,4
"Wolfgang Amadeus Mozart","Fate",146000,50.0,0.0,33.3,50.0,3,3,2,1,5,4,3
"Wolverine","Marvel Comics",183000,67.5,84.2,81.0,45.5,3,3,5,5,2,5,3
"Wonder Woman","DC Comics",198000,54.9,82.1,36.0,26.9,5,4,5,5,3,5,5
"Wonderweiss Margela","Bleach",122000,46.0,44.4,62.5,30.0,2,1,5,5,1,4,2
"Wrecker","Star Wars",123000,53.6,57.1,40.9,53.8,3,3,5,5,3,4,3
"X Drake","One Piece",40000,47.2,34.4,48.9,43.3,4,4,4,4,2,3,4
"X-23","Marvel Comics",166000,41.9,55.0,42.9,21.4,2,3,4,5,2,4,3
"Yachiru Kusajishi","Bleach",127000,40.0,28.6,40.5,47.8,2,4,2,4,3,3,4
"Yaddle","Star Wars",126000,51.0,33.3,60.0,53.8,4,3,3,4,5,4,4
"Yagura Karatachi","Naruto",50000,49.0,38.5,37.8,64.7,5,3,4,4,5,4,5
"Yahiko","Naruto",115000,44.9,45.5,13.3,66.7,5,3,3,4,4,4,5
"Yajirobe","Dragon Ball",142000,42.3,25.0,59.3,34.3,1,1,3,2,3,1,1
"Yamato","One Piece",90000,57.3,75.9,60.6,42.9,3,4,5,5,2,5,4
"Yamato","Naruto",144000,50.5,46.7,38.5,77.8,4,4,4,3,5,3,4
"Yamcha","Dragon Ball",144000,38.5,27.6,48.0,45.5,2,2,1,2,2,1,2
"Yammy Llargo","Bleach",107000,45.2,39.1,38.5,38.1,2,2,5,4,1,4,2
"Yasutora Sado","Bleach",149000,45.2,11.1,50.0,45.5,3,4,5,4,3,3,4
"Yhwach","Bleach",106000,54.4,70.0,29.4,74.1,5,1,5,5,5,5,5
"Ymir","Attack on Titan",138000,50.5,33.3,69.2,57.1,3,3,4,4,3,3,3
"Ymir Fritz","Attack on Titan",101000,48.9,60.0,38.5,62.5,5,1,5,5,5,5,5
"Yoda","Star Wars",193000,57.4,75.0,69.2,66.7,5,3,3,5,5,5,5
"Yoruichi Shihoin","Bleach",121000,51.7,42.9,50.0,60.0,4,4,3,5,4,4,4
"Yoshinobu Gakuganji","Jujutsu Kaisen",177000,55.8,43.3,63.0,60.0,4,3,3,4,4,4,4
"Yu Haibara","Jujutsu Kaisen",120000,49.6,31.6,70.0,39.1,3,4,2,3,3,3,4
"Yugito Nii","Naruto",40000,60.4,58.1,69.2,89.7,3,3,4,4,5,4,3
"Yuji Itadori","Jujutsu Kaisen",200000,48.5,54.5,55.6,30.6,4,3,5,5,2,4,4
"Yuki Tsukumo","Jujutsu Kaisen",164000,52.4,75.0,45.8,40.7,5,3,4,5,3,5,5
"Yukio Hans Vorarlberna","Bleach",127000,60.3,75.0,44.4,83.3,3,3,2,3,5,2,3
"Yuko Ozawa","Jujutsu Kaisen",133000,30.0,20.0,41.7,35.7,1,1,1,1,2,1,1
"Yumichika Ayasegawa","Bleach",125000,52.3,30.0,58.1,51.6,3,3,3,4,3,3,3
"Yuta Okkotsu","Jujutsu Kaisen",195000,63.8,80.6,37.9,80.0,5,4,4,5,5,5,5
"Zabuza Momochi","Naruto",132000,46.2,60.0,45.8,45.5,4,2,4,5,1,4,4
"Zam Wesell","Star Wars",136000,45.7,28.6,33.3,63.6,2,3,2,3,4,2,3
"Zarbon","Dragon Ball",122000,42.7,39.1,61.1,30.0,3,4,3,3,2,3,4
"Zatanna","DC Comics",187000,53.3,50.0,65.5,89.5,4,4,2,5,5,4,4
"Zazan","Hunter x Hunter",108000,51.3,48.8,61.4,33.3,4,2,5,4,2,4,4
"Zeb Orrelios","Star Wars",155000,50.5,34.8,57.9,50.0,3,4,5,4,3,3,4
"Zeke Yeager","Attack on Titan",145000,53.3,66.7,37.5,33.3,5,4,4,5,4,5,5
"Zeno Zoldyck","Hunter x Hunter",139000,52.4,72.2,72.2,37.5,4,4,3,5,3,5,4
"Zetsu","Naruto",50000,45.6,25.6,42.9,74.3,2,4,2,1,5,2,4
"Zhuge Liang","Fate",166000,58.1,100.0,33.3,66.7,5,5,3,2,5,5,5
"Zofia","Attack on Titan",103000,62.3,66.7,100.0,66.7,2,2,1,2,3,2,2
"Zommari Rureaux","Bleach",110000,43.6,47.6,29.4,38.5,2,2,2,3,4,2,2
"Zoom","DC Comics",115000,51.6,52.4,53.3,45.0,3,2,3,5,3,4,3
"Zushi","Hunter x Hunter",101000,43.1,22.2,59.3,48.6,2,2,3,2,2,2,2